userId,genre_rank,genre,watch_count,avg_user_genre_rating
1,1,Action,46,3.826
1,2,Drama,45,3.844
1,3,Thriller,43,3.872
1,4,Crime,31,4.21
1,5,Adventure,31,3.694
2,1,Thriller,12,3.917
2,2,Drama,11,4.364
2,3,Comedy,11,3.545
2,4,Adventure,10,4.0
2,5,Action,9,3.889
3,1,Drama,36,3.972
3,2,Comedy,35,3.743
3,3,Romance,22,3.636
3,4,Thriller,21,3.714
3,5,Action,13,3.231
4,1,Drama,76,4.342
4,2,Comedy,46,4.022
4,3,Romance,37,4.162
4,4,Crime,18,3.944
4,5,Thriller,18,3.722
5,1,Comedy,45,3.444
5,2,Adventure,22,3.545
5,3,Animation,21,4.095
5,4,Children,21,3.905
5,5,Romance,21,3.738
6,1,Drama,31,4.258
6,2,Comedy,28,4.214
6,3,Romance,15,4.367
6,4,Adventure,14,4.214
6,5,Thriller,13,4.077
7,1,Action,95,3.737
7,2,Thriller,71,3.718
7,3,Sci-Fi,63,3.54
7,4,Adventure,53,3.566
7,5,Comedy,46,3.5
8,1,Drama,30,4.133
8,2,Comedy,24,3.792
8,3,Romance,17,3.706
8,4,Thriller,16,3.25
8,5,Adventure,12,3.833
9,1,Comedy,53,2.585
9,2,Drama,49,2.694
9,3,Thriller,45,2.867
9,4,Action,39,2.846
9,5,Romance,24,2.5
10,1,Drama,11,3.409
10,2,Comedy,10,3.6
10,3,Romance,8,3.625
10,4,Action,4,3.125
10,5,Thriller,3,3.167
11,1,Comedy,36,3.361
11,2,Adventure,32,3.813
11,3,Drama,32,3.469
11,4,Action,29,3.621
11,5,Thriller,27,3.593
12,1,Drama,10,2.7
12,2,Comedy,8,3.563
12,3,Romance,6,3.5
12,4,Fantasy,4,4.125
12,5,Action,4,2.5
13,1,Thriller,15,3.4
13,2,Drama,11,3.727
13,3,Comedy,10,3.6
13,4,Action,8,3.188
13,5,Crime,7,3.5
14,1,Comedy,12,3.583
14,2,Thriller,8,3.375
14,3,Adventure,7,3.429
14,4,Drama,6,3.667
14,5,Action,6,3.167
15,1,Drama,37,4.878
15,2,Comedy,26,4.846
15,3,Horror,21,4.833
15,4,Thriller,20,4.775
15,5,Adventure,16,4.813
16,1,Action,36,4.333
16,2,Thriller,36,4.25
16,3,Comedy,25,3.36
16,4,Drama,23,3.957
16,5,Sci-Fi,22,4.455
17,1,Comedy,63,4.23
17,2,Action,61,3.877
17,3,Adventure,58,4.293
17,4,Drama,49,3.622
17,5,Sci-Fi,41,4.317
18,1,Thriller,47,3.511
18,2,Action,37,3.0
18,3,Drama,32,3.469
18,4,Comedy,28,3.411
18,5,Crime,24,3.688
19,1,Drama,74,3.858
19,2,Action,29,2.621
19,3,Adventure,24,1.792
19,4,Thriller,20,3.375
19,5,Crime,18,3.361
20,1,Drama,39,3.474
20,2,Romance,19,3.763
20,3,Comedy,16,3.563
20,4,Action,11,3.727
20,5,Thriller,9,4.167
21,1,Adventure,49,4.02
21,2,Action,43,3.756
21,3,Drama,40,3.663
21,4,Sci-Fi,37,3.824
21,5,Fantasy,34,3.985
22,1,Comedy,100,3.095
22,2,Drama,77,3.448
22,3,Action,55,2.727
22,4,Adventure,51,2.814
22,5,Thriller,42,3.226
23,1,Drama,38,3.553
23,2,Thriller,22,3.568
23,3,Action,20,3.45
23,4,Comedy,16,3.469
23,5,Crime,14,3.536
24,1,Drama,152,3.993
24,2,Thriller,98,3.867
24,3,Action,78,3.577
24,4,Crime,69,4.043
24,5,Adventure,55,3.655
25,1,Comedy,144,2.611
25,2,Romance,44,2.614
25,3,Drama,27,2.889
25,4,Adventure,18,3.167
25,5,Action,18,2.778
26,1,Comedy,11,3.0
26,2,Drama,8,3.5
26,3,Adventure,7,2.857
26,4,Action,6,2.417
26,5,Romance,5,2.9
27,1,Comedy,32,4.125
27,2,Drama,14,4.143
27,3,Romance,11,4.182
27,4,Fantasy,9,4.111
27,5,Adventure,7,3.429
28,1,Drama,58,3.552
28,2,Action,48,3.25
28,3,Comedy,47,3.426
28,4,Thriller,37,3.324
28,5,Adventure,36,3.444
29,1,Action,106,3.255
29,2,Thriller,87,3.333
29,3,Drama,82,3.146
29,4,Comedy,77,3.117
29,5,Adventure,61,3.459
30,1,Adventure,48,3.938
30,2,Action,45,4.144
30,3,Comedy,33,3.621
30,4,Drama,30,4.0
30,5,Sci-Fi,24,3.896
31,1,Drama,27,4.0
31,2,Crime,14,3.929
31,3,Thriller,14,3.714
31,4,Comedy,14,3.643
31,5,Action,13,3.846
32,1,Drama,132,4.356
32,2,Comedy,101,3.901
32,3,Romance,61,4.279
32,4,Adventure,59,4.085
32,5,Action,49,4.122
33,1,Drama,65,4.2
33,2,Comedy,35,4.086
33,3,Romance,25,4.04
33,4,Crime,18,4.111
33,5,Thriller,12,4.0
34,1,Comedy,13,3.923
34,2,Drama,9,3.444
34,3,Adventure,7,4.571
34,4,Action,6,4.333
34,5,Sci-Fi,5,4.6
35,1,Thriller,16,3.688
35,2,Comedy,13,3.923
35,3,Action,13,3.769
35,4,Adventure,10,3.7
35,5,Crime,7,4.429
36,1,Drama,17,3.824
36,2,Thriller,13,3.846
36,3,Comedy,11,3.364
36,4,Action,10,3.5
36,5,Adventure,9,3.333
37,1,Drama,25,4.12
37,2,Comedy,24,3.688
37,3,Crime,16,4.406
37,4,Romance,14,3.964
37,5,Mystery,10,4.55
38,1,Adventure,150,2.87
38,2,Comedy,145,3.0
38,3,Children,121,2.707
38,4,Action,114,2.82
38,5,Drama,103,3.257
39,1,Adventure,12,3.833
39,2,Action,12,3.667
39,3,Drama,11,4.273
39,4,Sci-Fi,9,3.667
39,5,Thriller,8,3.5
40,1,Thriller,14,3.0
40,2,Comedy,10,3.5
40,3,Drama,10,2.9
40,4,Action,10,2.7
40,5,Romance,7,3.429
41,1,Comedy,62,4.234
41,2,Drama,50,3.83
41,3,Romance,32,4.109
41,4,Children,17,4.618
41,5,Thriller,17,3.824
42,1,Comedy,35,4.0
42,2,Romance,27,4.685
42,3,Drama,25,4.46
42,4,Adventure,13,4.308
42,5,Action,9,3.611
43,1,Drama,10,3.75
43,2,Comedy,10,2.85
43,3,Adventure,8,2.75
43,4,Romance,6,3.0
43,5,Action,6,2.75
44,1,Drama,88,3.205
44,2,Comedy,68,3.368
44,3,Action,57,3.158
44,4,Thriller,54,3.204
44,5,Adventure,46,3.283
45,1,Comedy,34,3.412
45,2,Drama,26,3.75
45,3,Adventure,21,3.619
45,4,Animation,16,3.406
45,5,Fantasy,13,3.654
46,1,Drama,35,4.057
46,2,Comedy,22,3.318
46,3,Thriller,16,3.75
46,4,Horror,14,3.429
46,5,Action,13,3.769
47,1,Drama,61,3.967
47,2,Crime,25,4.0
47,3,Comedy,22,3.773
47,4,Thriller,18,3.944
47,5,Children,11,4.455
48,1,Comedy,10,3.1
48,2,Action,9,2.056
48,3,Adventure,7,2.214
48,4,Sci-Fi,6,3.0
48,5,Drama,5,4.1
49,1,Crime,22,3.136
49,2,Action,14,3.643
49,3,Thriller,14,3.429
49,4,Comedy,9,3.444
49,5,Drama,8,3.5
50,1,Drama,72,3.278
50,2,Comedy,45,3.133
50,3,Crime,27,3.333
50,4,Romance,25,3.04
50,5,Thriller,25,2.68
51,1,Adventure,10,4.0
51,2,Action,9,4.222
51,3,Thriller,9,4.0
51,4,Drama,8,4.0
51,5,Crime,5,4.2
52,1,Comedy,31,3.79
52,2,Drama,22,3.795
52,3,Animation,22,3.75
52,4,Adventure,20,3.725
52,5,Children,18,3.889
53,1,Action,14,3.429
53,2,Comedy,13,3.769
53,3,Drama,10,4.0
53,4,Crime,9,3.333
53,5,Thriller,8,3.0
54,1,Action,87,3.167
54,2,Comedy,87,2.937
54,3,Adventure,85,3.047
54,4,Drama,77,3.39
54,5,Thriller,62,3.097
55,1,Comedy,12,4.167
55,2,Drama,11,3.5
55,3,Crime,6,3.25
55,4,Thriller,6,3.25
55,5,Action,6,2.917
56,1,Drama,17,4.353
56,2,Comedy,9,4.111
56,3,Thriller,8,4.125
56,4,Crime,7,4.429
56,5,Adventure,6,4.0
57,1,Drama,59,4.254
57,2,Comedy,34,3.956
57,3,Thriller,31,4.226
57,4,Crime,29,4.241
57,5,Action,20,4.15
58,1,Drama,8,1.813
58,2,Action,7,2.143
58,3,Comedy,7,0.929
58,4,Thriller,6,2.417
58,5,Romance,6,1.667
59,1,Sci-Fi,22,3.977
59,2,Drama,16,4.031
59,3,Action,15,4.033
59,4,Comedy,15,3.867
59,5,Thriller,12,4.042
60,1,Comedy,108,3.519
60,2,Drama,82,3.707
60,3,Action,45,3.422
60,4,Thriller,43,3.779
60,5,Crime,42,3.512
61,1,Drama,98,3.633
61,2,Comedy,48,3.042
61,3,Crime,34,3.574
61,4,Thriller,33,3.621
61,5,Action,29,2.966
62,1,Drama,414,2.769
62,2,Comedy,408,1.928
62,3,Thriller,329,2.48
62,4,Action,294,2.104
62,5,Adventure,190,1.989
63,1,Drama,502,3.346
63,2,Action,453,2.951
63,3,Thriller,430,3.059
63,4,Comedy,397,2.88
63,5,Crime,264,3.089
64,1,Comedy,22,2.795
64,2,Action,19,2.447
64,3,Thriller,18,2.889
64,4,Drama,16,2.969
64,5,Adventure,15,2.9
65,1,Drama,23,3.957
65,2,Thriller,22,3.682
65,3,Action,16,3.313
65,4,Comedy,14,2.929
65,5,Crime,12,3.5
66,1,Comedy,216,2.917
66,2,Drama,158,3.323
66,3,Romance,89,3.202
66,4,Adventure,46,3.239
66,5,Thriller,46,3.174
67,1,Comedy,17,3.765
67,2,Drama,13,3.731
67,3,Sci-Fi,5,4.3
67,4,Action,4,4.625
67,5,Thriller,4,2.75
68,1,Drama,23,3.957
68,2,Romance,12,4.0
68,3,Comedy,5,3.6
68,4,Crime,3,3.333
68,5,War,2,5.0
69,1,Drama,166,3.819
69,2,Action,152,3.401
69,3,Comedy,120,3.0
69,4,Thriller,99,3.854
69,5,Crime,91,3.643
70,1,Drama,16,4.344
70,2,Adventure,13,4.038
70,3,Action,12,3.833
70,4,Sci-Fi,10,4.3
70,5,Thriller,10,4.25
71,1,Drama,77,4.201
71,2,Thriller,74,4.216
71,3,Comedy,56,4.08
71,4,Action,51,4.098
71,5,Crime,42,4.19
72,1,Thriller,66,3.273
72,2,Action,56,3.339
72,3,Drama,53,3.623
72,4,Comedy,50,3.66
72,5,Adventure,32,3.625
73,1,Drama,14,4.286
73,2,Thriller,10,4.5
73,3,Crime,5,5.0
73,4,Romance,5,3.8
73,5,Comedy,5,3.0
74,1,Action,20,2.675
74,2,Comedy,20,2.35
74,3,Drama,19,3.342
74,4,Thriller,19,3.263
74,5,Adventure,18,2.611
75,1,Drama,23,3.652
75,2,Comedy,22,4.045
75,3,Adventure,19,3.632
75,4,Sci-Fi,18,3.833
75,5,Action,15,3.6
76,1,Drama,12,4.208
76,2,Action,11,4.091
76,3,Adventure,9,4.333
76,4,Fantasy,5,4.5
76,5,War,5,4.3
77,1,Drama,42,3.643
77,2,Comedy,30,3.7
77,3,Sci-Fi,20,3.7
77,4,Romance,18,3.694
77,5,Action,16,3.719
78,1,Action,27,5.0
78,2,Adventure,20,5.0
78,3,Sci-Fi,18,5.0
78,4,IMAX,16,5.0
78,5,Comedy,13,5.0
79,1,Drama,51,3.784
79,2,Action,34,3.735
79,3,Thriller,34,3.706
79,4,Comedy,31,3.581
79,5,Crime,29,3.845
80,1,Drama,17,4.265
80,2,Comedy,11,3.455
80,3,Crime,8,4.563
80,4,Thriller,7,4.357
80,5,Romance,7,4.0
81,1,Animation,18,3.778
81,2,Children,14,3.714
81,3,Adventure,10,4.1
81,4,Comedy,10,4.0
81,5,Fantasy,7,4.0
82,1,Drama,12,3.792
82,2,Comedy,10,3.65
82,3,Romance,9,3.667
82,4,Crime,5,4.4
82,5,Thriller,4,3.875
83,1,Comedy,72,3.188
83,2,Action,67,3.56
83,3,Adventure,61,3.41
83,4,Sci-Fi,40,3.462
83,5,Drama,36,3.486
84,1,Drama,24,4.063
84,2,Comedy,22,3.818
84,3,Romance,18,3.861
84,4,Adventure,15,4.2
84,5,IMAX,13,4.115
85,1,Drama,34,4.103
85,2,Crime,15,4.233
85,3,Action,15,4.167
85,4,Thriller,15,4.067
85,5,Adventure,12,4.25
86,1,Drama,28,4.143
86,2,Comedy,23,3.5
86,3,Crime,17,4.029
86,4,Action,17,3.912
86,5,Adventure,16,3.219
87,1,Drama,149,3.705
87,2,Action,83,3.59
87,3,Thriller,81,3.556
87,4,Comedy,78,3.141
87,5,Adventure,66,3.485
88,1,Comedy,330,4.059
88,2,Drama,271,4.216
88,3,Action,231,3.994
88,4,Thriller,178,4.025
88,5,Adventure,164,4.034
89,1,Comedy,89,3.23
89,2,Drama,76,3.066
89,3,Action,65,3.554
89,4,Adventure,64,3.555
89,5,Thriller,58,3.233
90,1,Thriller,8,1.75
90,2,Drama,8,1.625
90,3,Comedy,7,2.714
90,4,Action,7,2.143
90,5,Crime,3,2.667
91,1,Drama,28,4.25
91,2,Comedy,9,3.889
91,3,Action,8,3.875
91,4,Romance,7,4.429
91,5,Adventure,6,4.167
92,1,Comedy,18,3.389
92,2,Drama,17,3.882
92,3,Thriller,14,3.929
92,4,Romance,12,3.0
92,5,Action,10,3.7
93,1,Drama,22,3.727
93,2,Comedy,16,3.75
93,3,Romance,12,3.5
93,4,Thriller,7,3.286
93,5,Adventure,6,3.333
94,1,Thriller,23,3.457
94,2,Horror,21,3.643
94,3,Drama,18,3.528
94,4,Mystery,12,3.667
94,5,Comedy,8,3.25
95,1,Action,19,3.105
95,2,Adventure,14,3.143
95,3,Thriller,13,3.0
95,4,Comedy,11,2.909
95,5,Sci-Fi,9,2.889
96,1,Comedy,22,2.864
96,2,Thriller,16,3.125
96,3,Drama,16,3.0
96,4,Action,15,2.933
96,5,Adventure,13,3.077
97,1,Adventure,70,4.093
97,2,Action,56,4.054
97,3,Sci-Fi,49,4.184
97,4,Animation,41,4.061
97,5,Children,38,4.013
98,1,Thriller,13,3.231
98,2,Mystery,9,3.556
98,3,Drama,7,3.571
98,4,Horror,7,3.143
98,5,Comedy,6,3.667
99,1,Drama,11,2.955
99,2,Action,8,3.438
99,3,Comedy,6,3.667
99,4,Adventure,6,3.333
99,5,Romance,3,3.833
100,1,Drama,28,3.536
100,2,Adventure,24,3.5
100,3,Comedy,23,3.174
100,4,Children,21,3.333
100,5,Animation,17,3.471
101,1,Comedy,31,4.194
101,2,Drama,29,4.328
101,3,Action,27,3.963
101,4,Crime,24,4.646
101,5,Thriller,20,4.275
102,1,Drama,70,3.729
102,2,Comedy,45,3.489
102,3,Thriller,37,3.649
102,4,Crime,27,4.0
102,5,Action,27,3.37
103,1,Drama,21,3.905
103,2,Comedy,18,3.833
103,3,Romance,12,3.917
103,4,Adventure,9,3.889
103,5,Action,7,3.571
104,1,Comedy,42,3.571
104,2,Drama,37,3.73
104,3,Thriller,35,3.886
104,4,Action,33,3.606
104,5,Romance,23,3.783
105,1,Drama,50,3.72
105,2,Romance,39,3.692
105,3,Action,37,3.459
105,4,Comedy,35,3.4
105,5,Thriller,30,3.633
106,1,Action,34,4.353
106,2,Adventure,25,4.28
106,3,Drama,21,4.643
106,4,Sci-Fi,16,4.281
106,5,Comedy,15,4.567
107,1,Drama,207,3.391
107,2,Comedy,149,3.477
107,3,Thriller,133,3.504
107,4,Action,119,3.319
107,5,Crime,86,3.651
108,1,Comedy,58,4.207
108,2,Adventure,34,4.176
108,3,Action,32,4.469
108,4,Thriller,25,4.64
108,5,Drama,23,4.652
109,1,Comedy,331,4.106
109,2,Drama,313,4.297
109,3,Action,262,4.053
109,4,Adventure,194,4.093
109,5,Thriller,191,4.162
110,1,Comedy,118,4.055
110,2,Drama,104,4.361
110,3,Action,72,3.854
110,4,Adventure,58,4.224
110,5,Thriller,56,3.75
111,1,Drama,18,4.222
111,2,Comedy,15,3.867
111,3,Action,14,3.643
111,4,Thriller,13,3.692
111,5,Romance,11,4.091
112,1,Drama,36,4.056
112,2,Comedy,25,4.08
112,3,Sci-Fi,23,3.565
112,4,Romance,15,4.267
112,5,Adventure,11,4.0
113,1,Comedy,237,3.344
113,2,Drama,170,3.576
113,3,Action,125,3.316
113,4,Adventure,103,3.345
113,5,Romance,101,3.426
114,1,Action,74,3.649
114,2,Sci-Fi,70,3.714
114,3,Adventure,65,3.923
114,4,Comedy,54,3.185
114,5,Drama,48,3.865
115,1,Drama,28,2.232
115,2,Action,16,2.219
115,3,Comedy,13,2.962
115,4,Crime,12,2.458
115,5,Adventure,12,2.292
116,1,Thriller,15,3.933
116,2,Drama,10,3.9
116,3,Crime,9,4.0
116,4,Comedy,8,3.625
116,5,Adventure,7,3.714
117,1,Thriller,14,3.857
117,2,Adventure,12,3.667
117,3,Action,11,3.727
117,4,Comedy,11,3.182
117,5,Drama,10,3.8
118,1,Drama,133,3.323
118,2,Action,130,3.462
118,3,Comedy,130,3.281
118,4,Romance,95,3.253
118,5,Thriller,84,3.423
119,1,Drama,35,4.586
119,2,Thriller,28,4.679
119,3,Action,26,4.596
119,4,Crime,19,4.711
119,5,Romance,12,4.25
120,1,Comedy,23,4.478
120,2,Musical,21,4.524
120,3,Drama,19,4.632
120,4,Romance,17,4.588
120,5,Children,16,4.375
121,1,Comedy,45,3.778
121,2,Drama,34,4.353
121,3,Romance,24,4.042
121,4,Adventure,7,3.714
121,5,War,6,4.5
122,1,Thriller,146,3.411
122,2,Action,138,3.326
122,3,Drama,97,3.773
122,4,Adventure,95,3.537
122,5,Comedy,86,3.547
123,1,Comedy,147,3.663
123,2,Romance,90,3.656
123,3,Drama,62,3.815
123,4,Children,14,3.75
123,5,Fantasy,14,3.679
124,1,Drama,79,4.392
124,2,Comedy,42,4.5
124,3,Romance,36,4.333
124,4,Thriller,27,4.556
124,5,Adventure,22,4.5
125,1,Comedy,10,2.7
125,2,Drama,9,2.111
125,3,Adventure,3,4.167
125,4,Action,3,2.5
125,5,Crime,3,1.667
126,1,Action,17,4.147
126,2,Comedy,17,3.412
126,3,Adventure,16,4.25
126,4,Drama,16,3.781
126,5,Thriller,15,3.967
127,1,Adventure,36,2.75
127,2,Animation,27,2.481
127,3,Children,21,2.333
127,4,Fantasy,18,2.611
127,5,Action,16,3.063
128,1,Thriller,514,3.393
128,2,Comedy,471,3.423
128,3,Action,463,3.285
128,4,Drama,413,3.65
128,5,Crime,305,3.61
129,1,Thriller,15,2.867
129,2,Drama,11,2.909
129,3,Crime,9,3.111
129,4,Comedy,8,2.375
129,5,Action,8,2.125
130,1,Drama,215,3.114
130,2,Action,176,2.131
130,3,Thriller,163,2.469
130,4,Comedy,162,2.151
130,5,Sci-Fi,154,2.393
131,1,Drama,19,3.789
131,2,Romance,8,3.75
131,3,Comedy,5,3.6
131,4,Thriller,4,3.0
131,5,Musical,2,3.5
132,1,Drama,25,4.0
132,2,Thriller,12,3.75
132,3,Comedy,11,4.182
132,4,Crime,11,4.0
132,5,Romance,11,3.636
133,1,Drama,39,3.154
133,2,Comedy,25,3.2
133,3,Adventure,21,3.19
133,4,Action,15,3.333
133,5,Children,12,2.75
134,1,Thriller,29,3.759
134,2,Drama,28,4.25
134,3,Action,25,3.72
134,4,Comedy,20,4.35
134,5,Adventure,17,3.882
135,1,Drama,36,3.833
135,2,Thriller,20,3.55
135,3,Crime,17,3.882
135,4,Romance,17,3.706
135,5,Comedy,14,4.214
136,1,Sci-Fi,14,3.929
136,2,Drama,13,4.346
136,3,Thriller,13,3.731
136,4,Comedy,12,3.792
136,5,Fantasy,11,3.955
137,1,Drama,155,3.916
137,2,Comedy,147,3.548
137,3,Adventure,65,3.792
137,4,Action,61,3.721
137,5,Romance,58,3.707
138,1,Comedy,27,3.815
138,2,Drama,26,4.385
138,3,Children,16,4.25
138,4,Romance,16,3.875
138,5,Adventure,13,4.462
139,1,Drama,90,3.722
139,2,Comedy,53,3.613
139,3,Romance,47,3.713
139,4,Thriller,27,3.574
139,5,Adventure,21,3.595
140,1,Drama,108,3.148
140,2,Comedy,59,2.881
140,3,Thriller,54,2.907
140,4,Romance,44,3.136
140,5,Action,44,2.818
141,1,Adventure,22,3.523
141,2,Action,18,3.444
141,3,Drama,18,3.333
141,4,Comedy,14,3.643
141,5,Sci-Fi,12,3.625
142,1,Comedy,16,4.125
142,2,Romance,12,4.458
142,3,Drama,9,4.278
142,4,Fantasy,4,4.625
142,5,Children,4,3.125
143,1,Action,29,4.138
143,2,Drama,23,4.478
143,3,Comedy,22,4.136
143,4,Thriller,22,3.909
143,5,Adventure,18,4.278
144,1,Drama,35,4.786
144,2,Romance,25,4.72
144,3,Comedy,25,4.54
144,4,Fantasy,24,4.667
144,5,Animation,22,4.568
145,1,Drama,43,4.163
145,2,Crime,19,4.368
145,3,Comedy,16,4.125
145,4,Romance,13,4.154
145,5,Action,12,4.167
146,1,Drama,52,4.0
146,2,Comedy,36,3.833
146,3,Romance,30,4.1
146,4,Adventure,18,4.278
146,5,Action,17,4.118
147,1,Drama,93,4.355
147,2,Thriller,65,4.108
147,3,Comedy,64,4.297
147,4,Action,47,4.085
147,5,Crime,43,4.326
148,1,Drama,33,3.606
148,2,Comedy,29,3.138
148,3,Action,29,2.931
148,4,Thriller,28,3.179
148,5,Romance,18,3.5
149,1,Drama,56,4.429
149,2,Comedy,50,3.92
149,3,Thriller,46,3.761
149,4,Action,43,3.605
149,5,Crime,32,4.156
150,1,Drama,103,3.966
150,2,Comedy,91,3.83
150,3,Romance,82,3.921
150,4,Thriller,39,3.59
150,5,Action,37,3.635
151,1,Comedy,20,3.55
151,2,Thriller,17,3.765
151,3,Drama,14,4.071
151,4,Action,14,3.571
151,5,Adventure,13,3.846
152,1,Action,23,4.0
152,2,Adventure,16,4.0
152,3,Thriller,12,4.042
152,4,Sci-Fi,10,4.0
152,5,Drama,7,4.429
153,1,Drama,18,3.222
153,2,Thriller,18,3.056
153,3,Action,15,3.0
153,4,Adventure,13,3.077
153,5,Comedy,12,3.0
154,1,Drama,20,3.55
154,2,Thriller,16,2.875
154,3,Romance,11,3.455
154,4,Comedy,9,3.667
154,5,Mystery,9,2.667
155,1,Drama,22,3.545
155,2,Comedy,21,3.619
155,3,Romance,12,3.417
155,4,Action,6,3.667
155,5,Crime,6,3.5
156,1,Comedy,159,3.711
156,2,Drama,125,3.728
156,3,Children,81,3.457
156,4,Adventure,80,3.825
156,5,Action,74,3.919
157,1,Action,97,3.691
157,2,Sci-Fi,70,3.514
157,3,Thriller,55,3.527
157,4,Adventure,54,3.815
157,5,Drama,35,3.657
158,1,Action,149,3.849
158,2,Thriller,109,3.917
158,3,Drama,104,4.034
158,4,Adventure,74,3.858
158,5,Crime,67,4.022
159,1,Adventure,27,3.444
159,2,Action,22,3.523
159,3,Comedy,17,2.971
159,4,Drama,14,3.821
159,5,Fantasy,12,3.5
160,1,Drama,489,4.086
160,2,Romance,198,4.207
160,3,Thriller,190,3.847
160,4,Action,176,3.898
160,5,Comedy,162,4.068
161,1,Action,117,3.739
161,2,Thriller,105,3.676
161,3,Drama,82,3.732
161,4,Adventure,76,3.77
161,5,Sci-Fi,66,3.53
162,1,Drama,17,3.235
162,2,Thriller,15,3.533
162,3,Action,10,3.5
162,4,Adventure,8,3.5
162,5,Comedy,8,3.375
163,1,Drama,58,3.733
163,2,Thriller,49,3.541
163,3,Action,37,3.554
163,4,Crime,22,3.818
163,5,Horror,22,3.432
164,1,Action,430,4.007
164,2,Drama,346,4.032
164,3,Thriller,332,3.949
164,4,Comedy,312,3.851
164,5,Crime,233,4.009
165,1,Adventure,13,3.538
165,2,Comedy,13,3.0
165,3,Action,10,3.4
165,4,Thriller,9,3.556
165,5,Children,7,3.857
166,1,Drama,54,4.222
166,2,Action,54,3.75
166,3,Thriller,50,4.11
166,4,Crime,40,4.088
166,5,Comedy,35,3.886
167,1,Drama,103,4.194
167,2,Action,44,4.159
167,3,Thriller,40,4.213
167,4,Comedy,37,4.081
167,5,Romance,33,4.121
168,1,Comedy,64,3.422
168,2,Drama,61,3.836
168,3,Action,60,3.4
168,4,Adventure,49,3.5
168,5,Thriller,48,3.281
169,1,Drama,53,3.396
169,2,Action,50,3.0
169,3,Thriller,40,3.15
169,4,Comedy,36,2.972
169,5,Adventure,33,3.03
170,1,Drama,32,3.922
170,2,Comedy,20,3.95
170,3,Thriller,15,3.8
170,4,Sci-Fi,13,3.731
170,5,Action,13,3.538
171,1,Comedy,24,3.667
171,2,Drama,13,3.846
171,3,Adventure,12,4.0
171,4,Action,10,3.9
171,5,Children,9,4.0
172,1,Drama,13,3.808
172,2,Comedy,9,2.889
172,3,Romance,5,4.4
172,4,Mystery,4,4.25
172,5,Thriller,4,2.625
173,1,Drama,24,3.25
173,2,Thriller,18,3.111
173,3,Comedy,14,3.571
173,4,Horror,12,3.667
173,5,Action,9,3.444
174,1,Drama,64,4.172
174,2,Comedy,62,3.831
174,3,Thriller,50,3.76
174,4,Adventure,43,3.384
174,5,Action,41,3.024
175,1,Sci-Fi,24,4.208
175,2,Drama,21,4.0
175,3,Adventure,20,4.0
175,4,Action,17,4.118
175,5,Thriller,17,3.765
176,1,Adventure,60,3.25
176,2,Action,50,3.5
176,3,Comedy,32,3.625
176,4,Sci-Fi,28,3.107
176,5,Fantasy,23,3.261
177,1,Comedy,301,3.042
177,2,Drama,293,3.338
177,3,Action,280,3.114
177,4,Thriller,237,3.198
177,5,Crime,159,3.267
178,1,Thriller,17,4.118
178,2,Action,15,4.067
178,3,Drama,13,4.0
178,4,Adventure,11,4.091
178,5,Comedy,7,3.714
179,1,Drama,300,2.912
179,2,Comedy,234,2.594
179,3,Romance,137,2.836
179,4,Thriller,97,2.933
179,5,Adventure,78,2.66
180,1,Drama,72,3.806
180,2,Comedy,69,3.587
180,3,Adventure,53,3.679
180,4,Action,40,3.6
180,5,Fantasy,30,3.55
181,1,Action,13,3.462
181,2,Adventure,13,3.462
181,3,Thriller,13,3.462
181,4,Comedy,11,3.364
181,5,Sci-Fi,7,3.714
182,1,Drama,27,3.13
182,2,Comedy,22,2.364
182,3,Romance,15,2.367
182,4,Thriller,13,2.192
182,5,Crime,12,3.625
183,1,Drama,66,3.364
183,2,Comedy,65,3.362
183,3,Adventure,62,3.347
183,4,Action,59,3.153
183,5,Romance,43,3.663
184,1,Drama,11,3.227
184,2,Action,8,1.875
184,3,Comedy,7,3.571
184,4,Crime,7,2.429
184,5,Thriller,7,1.643
185,1,Action,25,3.58
185,2,Comedy,13,3.423
185,3,Thriller,13,3.385
185,4,Adventure,12,3.542
185,5,Sci-Fi,8,3.375
186,1,Action,15,3.4
186,2,Drama,12,3.75
186,3,Thriller,12,3.583
186,4,Adventure,10,3.2
186,5,Comedy,8,3.5
187,1,Comedy,55,3.873
187,2,Drama,33,3.939
187,3,Romance,25,4.16
187,4,Action,24,3.958
187,5,Adventure,23,4.0
188,1,Drama,128,4.031
188,2,Comedy,119,3.79
188,3,Thriller,73,3.603
188,4,Action,62,3.484
188,5,Romance,61,3.852
189,1,Drama,165,4.452
189,2,Thriller,82,4.378
189,3,Crime,68,4.5
189,4,Mystery,45,4.611
189,5,Sci-Fi,37,4.324
190,1,Thriller,28,3.0
190,2,Action,19,3.0
190,3,Comedy,19,2.895
190,4,Drama,15,2.933
190,5,Crime,13,3.154
191,1,Comedy,12,3.625
191,2,Drama,9,3.667
191,3,Action,6,3.833
191,4,Romance,5,3.7
191,5,Crime,4,3.625
192,1,Drama,406,3.791
192,2,Comedy,291,3.552
192,3,Romance,180,3.514
192,4,Thriller,151,3.642
192,5,Action,126,3.694
193,1,Sci-Fi,64,3.156
193,2,Action,45,3.511
193,3,Adventure,42,3.095
193,4,Comedy,37,3.27
193,5,Musical,30,4.1
194,1,Drama,234,3.135
194,2,Comedy,163,3.077
194,3,Thriller,155,2.971
194,4,Romance,149,3.369
194,5,Action,127,3.024
195,1,Drama,63,3.937
195,2,Thriller,44,3.92
195,3,Action,38,4.013
195,4,Adventure,37,3.973
195,5,Comedy,37,3.973
196,1,Drama,48,3.271
196,2,Comedy,46,2.913
196,3,Action,45,3.022
196,4,Thriller,38,3.158
196,5,Adventure,38,3.079
197,1,Comedy,15,3.133
197,2,Action,13,2.923
197,3,Drama,10,3.6
197,4,Adventure,9,3.111
197,5,Thriller,9,3.0
198,1,Drama,150,4.187
198,2,Comedy,108,3.981
198,3,Romance,61,4.41
198,4,Thriller,61,3.934
198,5,Crime,45,4.0
199,1,Sci-Fi,148,3.385
199,2,Action,65,3.385
199,3,Adventure,58,3.828
199,4,Thriller,52,3.096
199,5,Horror,37,2.865
200,1,Thriller,12,3.042
200,2,Drama,10,3.45
200,3,Crime,8,3.563
200,4,Action,6,2.583
200,5,Comedy,5,2.6
201,1,Comedy,80,3.362
201,2,Drama,59,3.322
201,3,Romance,50,3.22
201,4,Thriller,37,3.054
201,5,Action,33,3.03
202,1,Drama,22,3.818
202,2,Comedy,19,3.605
202,3,Thriller,18,3.528
202,4,Crime,12,4.25
202,5,Action,10,3.05
203,1,Drama,117,3.957
203,2,Action,92,3.522
203,3,Comedy,85,3.776
203,4,Romance,71,3.958
203,5,Thriller,68,3.632
204,1,Drama,25,4.4
204,2,Thriller,11,4.227
204,3,Crime,10,4.4
204,4,Comedy,7,4.286
204,5,War,6,4.667
205,1,Comedy,30,2.6
205,2,Drama,28,3.5
205,3,Thriller,24,3.208
205,4,Action,16,2.313
205,5,Romance,15,2.933
206,1,Drama,57,3.64
206,2,Comedy,26,3.462
206,3,Action,21,3.833
206,4,Thriller,21,3.81
206,5,Adventure,19,3.605
207,1,Drama,63,3.905
207,2,Comedy,39,3.282
207,3,Crime,28,3.786
207,4,Thriller,25,3.68
207,5,Action,21,3.238
208,1,Thriller,13,3.154
208,2,Action,12,3.167
208,3,Drama,11,3.636
208,4,Comedy,10,2.9
208,5,Adventure,9,3.222
209,1,Drama,58,4.241
209,2,Romance,45,4.111
209,3,Comedy,45,3.778
209,4,Adventure,24,4.125
209,5,Children,23,4.174
210,1,Drama,59,4.22
210,2,Comedy,53,3.906
210,3,Adventure,39,3.872
210,4,Fantasy,35,4.0
210,5,Thriller,31,4.065
211,1,Drama,105,4.038
211,2,Romance,43,4.116
211,3,Comedy,34,3.603
211,4,Musical,28,4.179
211,5,Adventure,16,3.219
212,1,Drama,22,4.091
212,2,Romance,10,4.2
212,3,Comedy,5,4.0
212,4,Action,4,3.5
212,5,Crime,3,4.0
213,1,Drama,323,4.108
213,2,Comedy,200,3.7
213,3,Thriller,149,3.94
213,4,Action,125,3.756
213,5,Adventure,120,3.821
214,1,Comedy,9,3.833
214,2,Drama,6,3.417
214,3,Children,6,2.833
214,4,Romance,5,3.4
214,5,Fantasy,5,3.1
215,1,Adventure,29,4.034
215,2,Action,29,3.983
215,3,Sci-Fi,22,4.091
215,4,IMAX,10,3.8
215,5,Thriller,8,4.0
216,1,Drama,9,3.333
216,2,Horror,8,4.75
216,3,Comedy,7,3.857
216,4,Thriller,6,4.0
216,5,Romance,5,3.4
217,1,Drama,18,3.333
217,2,Crime,7,3.571
217,3,Mystery,5,3.8
217,4,Comedy,4,3.5
217,5,Thriller,4,3.25
218,1,Drama,164,4.284
218,2,Comedy,140,4.218
218,3,Action,116,3.983
218,4,Adventure,111,4.0
218,5,Thriller,87,4.138
219,1,Action,47,3.085
219,2,Comedy,46,2.457
219,3,Drama,39,3.154
219,4,Thriller,36,2.917
219,5,Adventure,24,3.042
220,1,Comedy,353,3.384
220,2,Drama,329,3.62
220,3,Action,226,3.392
220,4,Thriller,192,3.534
220,5,Adventure,182,3.442
221,1,Thriller,19,4.579
221,2,Crime,14,4.714
221,3,Action,12,4.167
221,4,Drama,11,4.364
221,5,Comedy,7,4.143
222,1,Romance,37,3.892
222,2,Drama,29,3.897
222,3,Comedy,21,4.048
222,4,Thriller,13,3.923
222,5,Mystery,8,3.625
223,1,Drama,47,4.426
223,2,Romance,9,4.889
223,3,Crime,9,4.556
223,4,Thriller,9,4.444
223,5,Comedy,8,5.0
224,1,Drama,480,3.747
224,2,Action,426,3.535
224,3,Comedy,412,3.283
224,4,Thriller,364,3.533
224,5,Adventure,306,3.379
225,1,Drama,15,4.267
225,2,Romance,8,4.125
225,3,Comedy,8,3.875
225,4,Thriller,7,4.143
225,5,Crime,5,4.2
226,1,Comedy,23,4.391
226,2,Drama,17,4.235
226,3,Adventure,15,4.4
226,4,Romance,14,4.5
226,5,Action,12,4.333
227,1,Drama,18,4.278
227,2,Comedy,10,4.0
227,3,Crime,8,4.125
227,4,Thriller,5,4.4
227,5,Romance,4,5.0
228,1,Action,278,3.897
228,2,Drama,236,4.138
228,3,Thriller,233,3.955
228,4,Comedy,224,4.038
228,5,Adventure,160,3.891
229,1,Drama,26,2.481
229,2,Thriller,20,2.675
229,3,Action,18,3.0
229,4,Crime,15,3.3
229,5,Adventure,11,2.909
230,1,Drama,43,3.744
230,2,Thriller,23,3.13
230,3,Crime,21,3.524
230,4,Action,19,3.342
230,5,Comedy,18,3.639
231,1,Comedy,14,3.929
231,2,Drama,11,4.182
231,3,Adventure,6,4.167
231,4,Thriller,5,4.3
231,5,Sci-Fi,5,4.1
232,1,Comedy,607,3.717
232,2,Thriller,501,3.953
232,3,Drama,455,4.077
232,4,Action,411,3.931
232,5,Adventure,288,3.889
233,1,Thriller,22,4.091
233,2,Drama,21,3.81
233,3,Action,18,3.667
233,4,Comedy,15,3.333
233,5,Crime,13,4.077
234,1,Drama,44,4.114
234,2,Comedy,42,3.667
234,3,Action,32,4.0
234,4,Adventure,28,3.821
234,5,Thriller,23,3.87
235,1,Drama,220,3.409
235,2,Comedy,207,3.261
235,3,Romance,140,3.279
235,4,Thriller,138,3.181
235,5,Action,105,3.133
236,1,Drama,97,3.541
236,2,Thriller,67,3.537
236,3,Comedy,62,3.573
236,4,Action,60,3.367
236,5,Adventure,46,3.554
237,1,Action,9,4.111
237,2,Thriller,9,3.778
237,3,Comedy,9,3.722
237,4,Drama,6,3.417
237,5,Horror,4,4.0
238,1,Drama,129,4.209
238,2,Comedy,53,3.745
238,3,Romance,51,4.137
238,4,Action,32,3.594
238,5,Thriller,30,3.717
239,1,Action,27,2.852
239,2,Comedy,26,3.115
239,3,Drama,25,3.08
239,4,Adventure,21,3.0
239,5,Thriller,21,2.952
240,1,Comedy,14,3.357
240,2,Action,13,4.385
240,3,Sci-Fi,9,4.667
240,4,Adventure,9,4.444
240,5,Thriller,9,4.444
241,1,Drama,96,4.297
241,2,Thriller,80,4.181
241,3,Action,68,3.971
241,4,Crime,58,4.233
241,5,Comedy,41,4.0
242,1,Drama,123,4.008
242,2,Comedy,109,3.459
242,3,Thriller,68,3.794
242,4,Action,61,3.639
242,5,Sci-Fi,54,3.87
243,1,Action,12,4.0
243,2,Adventure,10,3.7
243,3,Comedy,9,3.889
243,4,Thriller,8,4.25
243,5,Crime,7,4.143
244,1,Comedy,300,2.923
244,2,Drama,277,3.245
244,3,Romance,209,3.254
244,4,Thriller,91,3.0
244,5,Action,89,2.607
245,1,Drama,53,3.811
245,2,Comedy,43,3.535
245,3,Romance,29,3.69
245,4,Thriller,29,3.655
245,5,Crime,15,4.0
246,1,Thriller,17,3.706
246,2,Comedy,16,3.438
246,3,Drama,13,4.077
246,4,Action,12,3.167
246,5,Crime,9,3.778
247,1,Comedy,48,3.469
247,2,Drama,47,3.777
247,3,Adventure,37,3.892
247,4,Romance,35,3.629
247,5,Sci-Fi,30,4.05
248,1,Drama,18,4.722
248,2,Action,17,4.471
248,3,Comedy,13,4.231
248,4,Adventure,10,5.0
248,5,Sci-Fi,9,4.333
249,1,Comedy,17,3.441
249,2,Drama,8,3.688
249,3,Romance,4,4.125
249,4,Fantasy,4,3.5
249,5,Sci-Fi,4,2.875
250,1,Comedy,119,3.357
250,2,Drama,91,3.511
250,3,Adventure,84,3.357
250,4,Action,78,3.192
250,5,Fantasy,74,3.527
251,1,Drama,10,3.15
251,2,Comedy,10,2.95
251,3,Adventure,8,3.813
251,4,Sci-Fi,6,3.083
251,5,Action,5,3.3
252,1,Musical,32,3.719
252,2,Drama,25,4.24
252,3,Children,23,3.652
252,4,Romance,20,4.1
252,5,Horror,20,3.85
253,1,Drama,72,4.069
253,2,Action,42,3.81
253,3,Crime,42,3.798
253,4,Thriller,39,3.833
253,5,Comedy,33,3.576
254,1,Drama,30,4.25
254,2,Action,16,4.594
254,3,Comedy,15,4.3
254,4,Romance,14,4.0
254,5,Thriller,12,4.583
255,1,Comedy,262,3.197
255,2,Drama,255,3.686
255,3,Adventure,144,3.24
255,4,Action,144,3.149
255,5,Romance,109,3.417
256,1,Action,16,4.469
256,2,Thriller,10,4.1
256,3,Crime,7,4.857
256,4,Drama,7,4.786
256,5,Adventure,7,4.643
257,1,Drama,9,4.333
257,2,Comedy,9,3.444
257,3,Action,8,4.375
257,4,Romance,7,3.786
257,5,Crime,4,4.5
258,1,Thriller,13,3.308
258,2,Action,13,3.231
258,3,Comedy,13,3.231
258,4,Crime,12,3.25
258,5,Adventure,11,3.364
259,1,Drama,27,3.722
259,2,Thriller,19,3.842
259,3,Comedy,13,3.885
259,4,Sci-Fi,13,3.808
259,5,Action,13,3.538
260,1,Drama,33,3.606
260,2,Romance,22,3.409
260,3,Comedy,21,3.333
260,4,Thriller,18,2.889
260,5,Action,17,2.765
261,1,Drama,97,3.552
261,2,Crime,55,3.664
261,3,Thriller,39,3.474
261,4,Action,37,3.351
261,5,Comedy,35,3.414
262,1,Comedy,20,3.5
262,2,Drama,17,4.294
262,3,Adventure,17,3.118
262,4,Thriller,16,3.219
262,5,Action,16,2.688
263,1,Drama,25,3.84
263,2,Comedy,21,3.667
263,3,Action,19,3.737
263,4,Thriller,17,3.529
263,5,Crime,12,4.167
264,1,Thriller,21,4.143
264,2,Action,20,3.8
264,3,Drama,18,3.5
264,4,Adventure,15,3.267
264,5,Comedy,12,3.417
265,1,Action,19,4.421
265,2,Adventure,10,4.5
265,3,Thriller,9,4.0
265,4,Sci-Fi,8,4.625
265,5,Drama,8,4.5
266,1,Thriller,19,4.368
266,2,Action,17,4.353
266,3,Drama,17,4.176
266,4,Adventure,13,4.385
266,5,Comedy,11,4.0
267,1,Drama,53,4.415
267,2,Comedy,31,3.839
267,3,Thriller,23,3.87
267,4,Crime,20,4.2
267,5,Action,15,3.4
268,1,Drama,195,3.015
268,2,Romance,67,2.828
268,3,Comedy,66,2.924
268,4,Crime,61,2.893
268,5,Thriller,57,3.026
269,1,Action,55,3.5
269,2,Thriller,54,3.417
269,3,Drama,34,3.5
269,4,Crime,33,3.773
269,5,Adventure,29,3.448
270,1,Drama,24,4.292
270,2,Crime,18,4.5
270,3,Thriller,16,4.313
270,4,Action,11,3.818
270,5,Comedy,10,3.6
271,1,Comedy,16,3.625
271,2,Thriller,16,3.563
271,3,Action,13,3.692
271,4,Drama,13,3.538
271,5,Adventure,12,3.667
272,1,Adventure,17,3.941
272,2,Comedy,16,3.688
272,3,Children,13,3.615
272,4,Action,10,4.2
272,5,Romance,9,3.556
273,1,Thriller,71,3.606
273,2,Action,66,3.568
273,3,Drama,64,3.664
273,4,Crime,41,3.695
273,5,Adventure,32,3.375
274,1,Action,94,3.564
274,2,Thriller,60,3.7
274,3,Adventure,43,3.884
274,4,Sci-Fi,31,3.516
274,5,Crime,29,3.759
275,1,Comedy,180,3.6
275,2,Drama,172,3.5
275,3,Romance,137,3.73
275,4,Thriller,70,4.05
275,5,Crime,54,3.88
276,1,Thriller,25,3.74
276,2,Drama,21,4.429
276,3,Comedy,20,3.45
276,4,Action,18,2.972
276,5,Sci-Fi,15,4.033
277,1,Drama,87,3.724
277,2,Action,87,3.534
277,3,Thriller,52,3.606
277,4,Adventure,48,3.5
277,5,Sci-Fi,38,3.461
278,1,Action,68,3.551
278,2,Adventure,58,3.672
278,3,Comedy,56,3.313
278,4,Sci-Fi,47,3.585
278,5,Drama,40,4.063
279,1,Drama,12,4.167
279,2,Comedy,9,3.778
279,3,Romance,6,3.833
279,4,Thriller,4,4.5
279,5,Crime,3,5.0
280,1,Comedy,21,3.714
280,2,Drama,19,3.421
280,3,Action,16,4.063
280,4,Thriller,11,3.636
280,5,Sci-Fi,10,4.1
281,1,Action,45,3.911
281,2,Thriller,20,3.85
281,3,Adventure,20,3.75
281,4,Drama,18,4.056
281,5,Sci-Fi,15,3.467
282,1,Drama,55,4.073
282,2,Comedy,44,4.091
282,3,Adventure,28,3.75
282,4,Romance,26,4.115
282,5,Children,20,3.95
283,1,Drama,99,3.384
283,2,Action,69,2.826
283,3,Comedy,67,3.045
283,4,Thriller,66,2.909
283,5,Adventure,45,3.022
284,1,Thriller,13,3.846
284,2,Drama,11,3.545
284,3,Adventure,8,3.75
284,4,Action,7,3.857
284,5,Comedy,7,3.429
285,1,Drama,22,3.818
285,2,Thriller,20,3.75
285,3,Action,15,4.133
285,4,Adventure,10,4.3
285,5,Comedy,10,4.1
286,1,Horror,28,4.196
286,2,Thriller,26,4.173
286,3,Action,24,4.563
286,4,Adventure,20,4.55
286,5,Drama,17,4.382
287,1,Action,17,3.235
287,2,Thriller,14,2.714
287,3,Comedy,14,2.357
287,4,Adventure,13,3.385
287,5,Drama,10,2.9
288,1,Comedy,12,2.542
288,2,Action,8,2.625
288,3,Romance,8,2.438
288,4,Thriller,5,3.5
288,5,Drama,5,2.9
289,1,Action,28,4.304
289,2,Adventure,27,4.444
289,3,Drama,25,4.3
289,4,Sci-Fi,21,4.143
289,5,Thriller,20,4.0
290,1,Action,34,3.75
290,2,Comedy,28,3.429
290,3,Drama,27,4.278
290,4,Thriller,26,4.288
290,5,Adventure,23,3.391
291,1,Comedy,25,3.76
291,2,Drama,19,3.895
291,3,Thriller,15,3.267
291,4,Action,12,4.0
291,5,Horror,12,3.167
292,1,Drama,19,4.263
292,2,Action,19,4.079
292,3,Comedy,18,4.083
292,4,Thriller,17,4.324
292,5,Adventure,14,4.25
293,1,Drama,12,3.708
293,2,Romance,10,3.65
293,3,Comedy,9,3.667
293,4,Thriller,4,4.375
293,5,Adventure,4,3.75
294,1,Drama,57,4.298
294,2,Comedy,41,4.098
294,3,Action,36,4.167
294,4,Romance,31,4.065
294,5,Thriller,26,3.885
295,1,Drama,12,3.667
295,2,Thriller,12,3.417
295,3,Action,11,3.182
295,4,Adventure,9,3.333
295,5,Crime,8,3.5
296,1,Action,135,3.378
296,2,Drama,105,3.533
296,3,Adventure,95,3.353
296,4,Thriller,94,3.441
296,5,Comedy,88,3.29
297,1,Comedy,16,3.406
297,2,Drama,9,4.0
297,3,Sci-Fi,5,3.7
297,4,Adventure,4,3.625
297,5,Action,3,3.5
298,1,Drama,21,4.167
298,2,Comedy,11,3.136
298,3,Thriller,9,3.389
298,4,Mystery,7,3.929
298,5,Fantasy,6,3.75
299,1,Comedy,112,3.808
299,2,Action,87,3.856
299,3,Drama,80,4.188
299,4,Thriller,64,3.938
299,5,Adventure,59,3.941
300,1,Comedy,54,3.463
300,2,Action,41,3.488
300,3,Adventure,30,3.467
300,4,Sci-Fi,23,3.565
300,5,Drama,21,3.905
301,1,Drama,24,4.271
301,2,Action,21,3.786
301,3,Adventure,19,3.947
301,4,Comedy,13,3.808
301,5,Fantasy,11,4.045
302,1,Drama,13,4.077
302,2,Comedy,10,3.7
302,3,Thriller,10,3.3
302,4,Crime,7,3.429
302,5,Action,6,3.167
303,1,Drama,270,3.778
303,2,Comedy,168,3.845
303,3,Thriller,114,3.482
303,4,Romance,106,3.623
303,5,Crime,83,3.675
304,1,Drama,28,3.982
304,2,Comedy,15,3.4
304,3,Crime,13,4.385
304,4,Thriller,11,4.0
304,5,Action,10,3.75
305,1,Sci-Fi,41,3.683
305,2,Drama,18,3.667
305,3,Action,16,3.75
305,4,Adventure,14,3.857
305,5,Thriller,11,3.818
306,1,Comedy,29,4.397
306,2,Adventure,25,4.32
306,3,Animation,23,4.478
306,4,Action,22,4.318
306,5,Children,19,4.447
307,1,Drama,14,3.571
307,2,Thriller,10,3.4
307,3,Crime,9,3.667
307,4,Action,5,3.0
307,5,Comedy,4,3.5
308,1,Action,134,3.235
308,2,Thriller,110,3.309
308,3,Drama,95,3.447
308,4,Adventure,73,3.322
308,5,Comedy,67,3.463
309,1,Action,119,2.941
309,2,Thriller,82,2.921
309,3,Drama,73,2.877
309,4,Sci-Fi,70,3.007
309,5,Adventure,69,2.87
310,1,Drama,720,3.206
310,2,Comedy,464,2.875
310,3,Thriller,350,2.987
310,4,Action,309,2.879
310,5,Romance,261,3.077
311,1,Comedy,35,3.486
311,2,Drama,26,3.846
311,3,Thriller,26,3.615
311,4,Action,19,3.421
311,5,Adventure,16,3.375
312,1,Drama,21,4.095
312,2,Comedy,19,3.789
312,3,Adventure,13,3.538
312,4,Action,12,4.25
312,5,Romance,10,4.0
313,1,Comedy,12,3.458
313,2,Romance,7,3.5
313,3,Action,6,3.083
313,4,Thriller,5,3.8
313,5,Adventure,5,3.3
314,1,Action,70,3.721
314,2,Adventure,50,3.77
314,3,Sci-Fi,43,3.686
314,4,Drama,37,3.581
314,5,Thriller,30,3.583
315,1,Drama,146,3.788
315,2,Adventure,132,3.352
315,3,Action,117,3.239
315,4,Sci-Fi,87,3.184
315,5,Thriller,80,3.469
316,1,Drama,16,4.25
316,2,Comedy,12,3.75
316,3,Crime,10,4.6
316,4,Thriller,8,4.25
316,5,Romance,7,3.429
317,1,Drama,15,4.333
317,2,Thriller,10,4.15
317,3,Action,10,4.1
317,4,Comedy,9,3.944
317,5,Adventure,5,4.2
318,1,Drama,23,2.87
318,2,Thriller,17,2.647
318,3,Comedy,13,2.615
318,4,Romance,10,2.8
318,5,Action,10,2.4
319,1,Thriller,53,4.585
319,2,Comedy,45,4.178
319,3,Action,42,4.488
319,4,Adventure,32,4.531
319,5,Crime,28,4.464
320,1,Comedy,24,2.167
320,2,Action,24,1.854
320,3,Thriller,22,2.114
320,4,Drama,15,2.967
320,5,Crime,12,2.375
321,1,Drama,22,3.818
321,2,Thriller,13,3.385
321,3,Romance,12,4.083
321,4,Comedy,11,3.182
321,5,Action,11,3.0
322,1,Drama,71,3.859
322,2,Comedy,34,3.471
322,3,Romance,27,3.889
322,4,Adventure,19,3.737
322,5,Thriller,19,3.684
323,1,Drama,15,4.4
323,2,Comedy,7,4.286
323,3,Crime,7,4.143
323,4,Romance,6,4.667
323,5,War,5,4.6
324,1,Drama,14,3.714
324,2,Comedy,7,3.143
324,3,Thriller,7,3.0
324,4,Romance,6,2.833
324,5,Mystery,4,3.0
325,1,Comedy,42,2.857
325,2,Drama,38,3.474
325,3,Thriller,35,3.329
325,4,Action,30,3.633
325,5,Adventure,30,3.617
326,1,Drama,62,3.935
326,2,Action,40,3.625
326,3,Thriller,39,3.718
326,4,Comedy,36,3.444
326,5,Romance,33,3.879
327,1,Adventure,19,3.316
327,2,Comedy,17,3.588
327,3,Drama,14,3.357
327,4,Action,14,2.893
327,5,Sci-Fi,13,3.692
328,1,Comedy,93,3.581
328,2,Action,86,3.512
328,3,Drama,75,3.867
328,4,Adventure,72,3.326
328,5,Thriller,66,3.841
329,1,Comedy,28,4.107
329,2,Action,11,4.455
329,3,Romance,8,4.625
329,4,Thriller,8,4.125
329,5,Crime,8,3.875
330,1,Drama,160,4.491
330,2,Thriller,59,4.619
330,3,Romance,55,4.536
330,4,Crime,52,4.587
330,5,Comedy,52,4.202
331,1,Children,120,3.6
331,2,Comedy,120,3.192
331,3,Adventure,111,3.811
331,4,Drama,100,3.045
331,5,Fantasy,87,3.839
332,1,Drama,13,4.692
332,2,Sci-Fi,12,4.833
332,3,Comedy,12,4.375
332,4,Thriller,11,4.455
332,5,Action,11,4.364
333,1,Drama,18,3.778
333,2,Romance,9,3.667
333,3,Adventure,9,2.889
333,4,Action,9,2.778
333,5,Comedy,8,3.75
334,1,Comedy,20,3.6
334,2,Drama,18,3.944
334,3,Thriller,14,3.929
334,4,Action,13,3.538
334,5,Romance,12,3.667
335,1,Drama,54,3.741
335,2,Thriller,33,3.712
335,3,Crime,26,3.75
335,4,Romance,23,3.826
335,5,Comedy,21,3.929
336,1,Comedy,61,3.549
336,2,Adventure,46,3.435
336,3,Action,42,3.44
336,4,Drama,40,2.862
336,5,Romance,31,3.677
337,1,Drama,83,3.916
337,2,Action,67,3.687
337,3,Comedy,56,3.893
337,4,Adventure,53,3.604
337,5,Sci-Fi,47,3.511
338,1,Drama,45,4.022
338,2,Comedy,39,3.718
338,3,Thriller,20,3.65
338,4,Action,19,3.421
338,5,Adventure,18,3.833
339,1,Action,48,4.198
339,2,Adventure,43,4.105
339,3,Drama,36,4.278
339,4,Sci-Fi,36,4.278
339,5,Comedy,33,4.015
340,1,Thriller,11,2.909
340,2,Drama,9,2.889
340,3,Adventure,8,2.75
340,4,Action,8,2.625
340,5,Crime,5,3.6
341,1,Drama,47,4.085
341,2,Crime,15,4.0
341,3,Comedy,14,3.929
341,4,Romance,13,4.231
341,5,Thriller,11,3.909
342,1,Comedy,47,2.872
342,2,Drama,46,3.391
342,3,Romance,35,3.2
342,4,Action,13,3.462
342,5,Adventure,12,3.667
343,1,Action,56,3.143
343,2,Comedy,53,2.887
343,3,Adventure,47,3.245
343,4,Drama,42,2.536
343,5,Thriller,40,3.1
344,1,Comedy,57,2.693
344,2,Action,53,3.208
344,3,Thriller,35,3.257
344,4,Drama,27,3.259
344,5,Adventure,18,3.472
345,1,Drama,86,3.884
345,2,Romance,32,4.0
345,3,Comedy,29,4.0
345,4,Thriller,20,3.975
345,5,Mystery,16,4.031
346,1,Comedy,12,4.458
346,2,Drama,11,4.227
346,3,Children,7,3.857
346,4,Adventure,6,3.333
346,5,Romance,5,4.3
347,1,Drama,105,3.948
347,2,Action,47,3.872
347,3,Thriller,40,3.913
347,4,Comedy,38,3.882
347,5,Adventure,35,3.886
348,1,Drama,83,3.801
348,2,Thriller,62,3.839
348,3,Action,61,3.574
348,4,Crime,48,3.865
348,5,Comedy,48,3.625
349,1,Drama,29,3.759
349,2,Action,29,3.172
349,3,Thriller,27,3.519
349,4,Comedy,19,3.211
349,5,Adventure,18,3.5
350,1,Adventure,16,3.125
350,2,Fantasy,13,3.115
350,3,Children,8,3.5
350,4,Action,8,2.688
350,5,Animation,7,3.429
351,1,Thriller,14,3.786
351,2,Drama,12,3.5
351,3,Action,8,3.125
351,4,Crime,7,3.714
351,5,Adventure,7,2.857
352,1,Drama,256,3.309
352,2,Comedy,134,3.086
352,3,Romance,101,3.599
352,4,Thriller,72,3.014
352,5,Action,65,3.354
353,1,Action,14,3.857
353,2,Thriller,13,4.077
353,3,Comedy,13,3.538
353,4,Drama,11,4.0
353,5,Adventure,11,3.818
354,1,Comedy,394,2.652
354,2,Drama,337,3.021
354,3,Adventure,202,2.728
354,4,Sci-Fi,185,2.586
354,5,Action,184,2.655
355,1,Adventure,10,3.7
355,2,Action,9,3.667
355,3,Thriller,8,3.75
355,4,Crime,6,3.833
355,5,Drama,6,3.833
356,1,Drama,18,2.833
356,2,Thriller,14,2.5
356,3,Comedy,7,3.857
356,4,Crime,7,2.286
356,5,Action,7,1.571
357,1,Drama,43,3.302
357,2,Comedy,36,2.889
357,3,Thriller,22,2.636
357,4,Crime,17,3.118
357,5,Action,14,2.714
358,1,Action,118,3.72
358,2,Drama,114,3.741
358,3,Comedy,100,3.805
358,4,Thriller,99,3.712
358,5,Adventure,86,3.773
359,1,Drama,28,4.446
359,2,Comedy,20,4.525
359,3,Crime,10,4.3
359,4,Romance,8,4.688
359,5,Thriller,8,4.125
360,1,Drama,10,4.0
360,2,Comedy,9,3.667
360,3,Romance,9,3.611
360,4,Fantasy,8,3.563
360,5,Children,5,3.7
361,1,Comedy,21,2.905
361,2,Drama,15,3.467
361,3,Adventure,12,3.083
361,4,Romance,12,3.0
361,5,Action,11,3.273
362,1,Drama,47,3.33
362,2,Action,31,2.984
362,3,Thriller,28,3.054
362,4,Crime,25,3.64
362,5,Comedy,19,2.921
363,1,Horror,63,3.397
363,2,Thriller,36,3.5
363,3,Comedy,27,4.148
363,4,Drama,26,3.577
363,5,Musical,12,4.0
364,1,Comedy,38,3.329
364,2,Drama,23,3.391
364,3,Romance,15,3.367
364,4,Fantasy,11,3.409
364,5,Adventure,9,3.333
365,1,Comedy,102,3.142
365,2,Drama,77,3.383
365,3,Animation,69,3.297
365,4,Children,69,3.174
365,5,Adventure,67,3.261
366,1,Drama,47,3.67
366,2,Comedy,42,3.774
366,3,Adventure,31,3.581
366,4,Romance,28,3.732
366,5,Thriller,27,3.778
367,1,Drama,56,3.839
367,2,Romance,30,3.967
367,3,Thriller,27,3.444
367,4,Comedy,26,3.731
367,5,Action,19,3.421
368,1,Drama,15,3.367
368,2,Comedy,12,3.625
368,3,Thriller,8,3.313
368,4,Action,7,3.929
368,5,Sci-Fi,6,3.667
369,1,Drama,81,3.778
369,2,Comedy,75,3.76
369,3,Action,38,3.342
369,4,Romance,36,3.528
369,5,Adventure,30,3.167
370,1,Thriller,16,4.313
370,2,Action,15,4.133
370,3,Drama,13,4.0
370,4,Adventure,12,4.25
370,5,Comedy,12,3.583
371,1,Drama,43,3.326
371,2,Comedy,30,3.133
371,3,Romance,27,3.296
371,4,Thriller,23,3.391
371,5,Action,19,3.263
372,1,Comedy,44,3.795
372,2,Romance,19,3.921
372,3,Children,15,3.767
372,4,Drama,14,4.107
372,5,Adventure,11,4.091
373,1,Action,42,4.274
373,2,Comedy,31,4.339
373,3,Adventure,30,4.117
373,4,Sci-Fi,24,4.229
373,5,Crime,12,4.417
374,1,Drama,12,4.083
374,2,Action,11,3.864
374,3,Adventure,11,3.864
374,4,Sci-Fi,9,3.778
374,5,Thriller,8,3.813
375,1,Drama,57,4.211
375,2,War,35,4.143
375,3,Comedy,31,4.032
375,4,Romance,22,4.091
375,5,Action,22,4.0
376,1,Drama,273,2.923
376,2,Comedy,206,2.898
376,3,Romance,103,2.777
376,4,Adventure,88,2.432
376,5,Thriller,86,2.756
377,1,Comedy,15,2.933
377,2,Drama,13,3.885
377,3,Romance,8,2.75
377,4,Thriller,4,3.625
377,5,Crime,3,4.5
378,1,Drama,26,4.231
378,2,Adventure,11,4.273
378,3,Romance,9,4.0
378,4,Action,8,4.375
378,5,Comedy,8,3.75
379,1,Action,9,2.889
379,2,Adventure,8,3.0
379,3,Thriller,8,2.875
379,4,Comedy,8,2.5
379,5,Drama,7,3.714
380,1,Comedy,84,3.988
380,2,Drama,58,4.017
380,3,Action,54,4.0
380,4,Adventure,52,4.135
380,5,Fantasy,39,4.231
381,1,Thriller,23,3.435
381,2,Action,21,3.095
381,3,Drama,14,3.786
381,4,Comedy,13,3.308
381,5,Crime,12,3.583
382,1,Drama,29,4.103
382,2,Romance,27,3.981
382,3,Comedy,25,3.7
382,4,Adventure,17,4.294
382,5,Mystery,16,4.594
383,1,Comedy,121,3.227
383,2,Adventure,88,3.364
383,3,Action,82,3.317
383,4,Drama,67,3.537
383,5,Sci-Fi,63,3.254
384,1,Drama,42,3.94
384,2,Comedy,31,3.887
384,3,Musical,22,3.932
384,4,Adventure,21,3.81
384,5,Romance,17,4.118
385,1,Comedy,14,4.214
385,2,Action,12,4.167
385,3,Thriller,9,4.444
385,4,Drama,9,3.889
385,5,Adventure,8,4.125
386,1,Drama,125,3.2
386,2,Comedy,96,2.693
386,3,Adventure,72,2.84
386,4,Animation,70,2.986
386,5,Thriller,69,2.587
387,1,Action,133,4.015
387,2,Comedy,115,4.07
387,3,Adventure,108,4.144
387,4,Sci-Fi,93,4.07
387,5,Thriller,88,4.085
388,1,Drama,12,4.417
388,2,Thriller,9,3.944
388,3,Action,7,4.143
388,4,Sci-Fi,6,3.333
388,5,War,5,4.5
389,1,Comedy,134,4.28
389,2,Drama,113,4.341
389,3,Romance,97,4.356
389,4,Thriller,49,4.48
389,5,Crime,40,4.625
390,1,Drama,15,4.267
390,2,Comedy,12,3.5
390,3,Romance,10,3.7
390,4,Thriller,9,3.889
390,5,Adventure,9,3.444
391,1,Crime,12,4.083
391,2,Drama,11,4.227
391,3,Thriller,8,3.938
391,4,Comedy,7,3.571
391,5,Horror,6,4.0
392,1,Drama,22,3.659
392,2,Fantasy,18,4.0
392,3,Adventure,13,4.231
392,4,Romance,12,3.75
392,5,Thriller,11,3.727
393,1,Comedy,28,3.5
393,2,Thriller,27,4.333
393,3,Drama,23,3.957
393,4,Action,21,4.0
393,5,Romance,16,3.625
394,1,Comedy,39,3.205
394,2,Action,30,3.0
394,3,Adventure,24,3.25
394,4,Thriller,24,3.208
394,5,Drama,16,3.688
395,1,Drama,16,4.063
395,2,Comedy,13,3.923
395,3,Thriller,5,4.2
395,4,Action,5,3.2
395,5,Adventure,5,3.0
396,1,Drama,29,4.466
396,2,Thriller,23,4.304
396,3,Action,19,4.053
396,4,Crime,16,4.5
396,5,Adventure,12,3.958
397,1,Drama,49,3.918
397,2,Comedy,19,3.368
397,3,Romance,12,3.833
397,4,Crime,11,3.818
397,5,Thriller,10,3.9
398,1,Action,13,3.385
398,2,Drama,9,4.0
398,3,Thriller,8,3.625
398,4,Crime,6,4.333
398,5,Romance,5,2.8
399,1,Drama,317,3.713
399,2,Thriller,167,3.575
399,3,Comedy,146,3.699
399,4,Crime,139,3.669
399,5,Action,105,3.562
400,1,Drama,12,3.875
400,2,Adventure,11,3.818
400,3,Action,8,4.0
400,4,Comedy,8,3.375
400,5,Fantasy,7,4.143
401,1,Drama,36,3.944
401,2,Thriller,28,3.893
401,3,Crime,23,3.978
401,4,Action,21,3.833
401,5,Comedy,11,3.773
402,1,Action,463,2.841
402,2,Thriller,341,2.852
402,3,Drama,312,3.183
402,4,Adventure,247,2.945
402,5,Comedy,234,2.684
403,1,Thriller,201,3.055
403,2,Action,170,3.1
403,3,Drama,152,3.316
403,4,Horror,143,3.045
403,5,Sci-Fi,122,3.139
404,1,Drama,13,3.654
404,2,Comedy,12,3.792
404,3,Romance,12,3.75
404,4,Action,6,3.417
404,5,War,3,4.167
405,1,Drama,171,4.146
405,2,Thriller,108,3.87
405,3,Action,101,3.866
405,4,Adventure,86,3.924
405,5,Comedy,80,3.931
406,1,Drama,15,4.4
406,2,Comedy,11,4.364
406,3,Romance,8,4.25
406,4,Crime,6,4.5
406,5,Thriller,6,3.5
407,1,Drama,18,3.972
407,2,Thriller,8,3.938
407,3,Crime,8,3.875
407,4,Romance,6,3.583
407,5,Action,5,3.9
408,1,Drama,27,4.0
408,2,Thriller,27,3.852
408,3,Action,21,3.857
408,4,Comedy,19,3.158
408,5,Crime,16,3.438
409,1,Comedy,171,3.465
409,2,Drama,130,3.635
409,3,Adventure,123,3.207
409,4,Action,100,2.92
409,5,Fantasy,84,3.244
410,1,Comedy,309,2.905
410,2,Action,252,2.625
410,3,Drama,230,3.043
410,4,Adventure,196,2.763
410,5,Thriller,170,2.812
411,1,Thriller,19,3.947
411,2,Action,15,3.6
411,3,Drama,14,4.0
411,4,Adventure,14,3.429
411,5,Comedy,14,3.429
412,1,Drama,61,3.885
412,2,Action,35,4.071
412,3,Thriller,30,3.883
412,4,Adventure,28,3.964
412,5,Sci-Fi,27,3.963
413,1,Drama,463,3.57
413,2,Comedy,349,3.381
413,3,Thriller,316,3.378
413,4,Action,282,3.326
413,5,Adventure,214,3.292
414,1,Drama,39,3.91
414,2,Thriller,32,3.563
414,3,Action,29,3.052
414,4,Crime,22,3.273
414,5,Comedy,16,3.281
415,1,Drama,57,4.526
415,2,Thriller,49,4.49
415,3,Sci-Fi,35,4.257
415,4,Crime,33,4.636
415,5,Action,26,4.404
416,1,Comedy,24,3.125
416,2,Thriller,23,3.435
416,3,Action,19,3.474
416,4,Crime,13,3.769
416,5,Drama,12,3.083
417,1,Drama,28,4.536
417,2,Comedy,14,4.429
417,3,Romance,11,4.636
417,4,Adventure,6,4.333
417,5,Crime,5,4.6
418,1,Drama,47,3.989
418,2,Comedy,33,4.045
418,3,Adventure,29,3.931
418,4,Action,27,3.852
418,5,Sci-Fi,26,3.865
419,1,Drama,23,4.239
419,2,Adventure,21,4.19
419,3,Action,17,4.382
419,4,Sci-Fi,12,4.333
419,5,Comedy,11,4.227
420,1,Comedy,100,3.33
420,2,Drama,39,3.615
420,3,Romance,36,3.75
420,4,Adventure,13,2.923
420,5,Fantasy,10,3.8
421,1,Drama,41,4.22
421,2,Thriller,22,3.909
421,3,Romance,20,4.3
421,4,Comedy,18,4.111
421,5,Action,17,3.882
422,1,Drama,256,3.613
422,2,Comedy,184,3.533
422,3,Thriller,150,3.193
422,4,Action,127,3.413
422,5,Romance,120,3.779
423,1,Action,34,3.456
423,2,Thriller,33,3.606
423,3,Comedy,32,3.328
423,4,Adventure,27,3.537
423,5,Drama,25,3.84
424,1,Action,38,3.342
424,2,Thriller,36,3.722
424,3,Comedy,36,3.556
424,4,Drama,36,3.528
424,5,Romance,20,3.85
425,1,Drama,131,3.676
425,2,Action,100,3.21
425,3,Comedy,93,3.478
425,4,Thriller,86,3.372
425,5,Adventure,70,3.071
426,1,Drama,77,3.675
426,2,Thriller,56,3.482
426,3,Comedy,53,3.415
426,4,Crime,45,3.489
426,5,Mystery,36,3.444
427,1,Drama,28,3.714
427,2,Adventure,27,3.333
427,3,Action,26,3.596
427,4,Comedy,21,3.357
427,5,Sci-Fi,20,3.475
428,1,Action,429,3.101
428,2,Thriller,225,3.176
428,3,Adventure,188,3.327
428,4,Sci-Fi,156,3.147
428,5,Drama,132,3.178
429,1,Drama,38,3.421
429,2,Comedy,35,3.371
429,3,Thriller,24,2.917
429,4,Romance,19,3.684
429,5,Horror,17,2.882
430,1,Thriller,17,3.647
430,2,Drama,15,4.2
430,3,Adventure,14,3.0
430,4,Action,13,3.077
430,5,Comedy,12,3.25
431,1,Thriller,8,3.875
431,2,Comedy,8,3.125
431,3,Adventure,7,3.714
431,4,Action,6,3.333
431,5,Drama,6,3.333
432,1,Action,108,4.63
432,2,Drama,71,4.676
432,3,Adventure,69,4.594
432,4,Comedy,66,4.561
432,5,Thriller,63,4.683
433,1,Action,106,4.491
433,2,Sci-Fi,68,4.728
433,3,Adventure,68,4.529
433,4,Thriller,58,4.353
433,5,Fantasy,32,4.797
434,1,Drama,115,3.757
434,2,Comedy,43,3.384
434,3,Crime,40,3.75
434,4,Thriller,34,3.485
434,5,Action,28,3.804
435,1,Action,34,4.294
435,2,Thriller,26,4.115
435,3,Adventure,19,4.316
435,4,Drama,18,4.056
435,5,Comedy,17,4.412
436,1,Drama,68,3.559
436,2,Comedy,60,3.317
436,3,Romance,41,3.39
436,4,Thriller,31,3.29
436,5,Children,21,3.524
437,1,Drama,21,4.405
437,2,Thriller,18,4.222
437,3,Crime,15,4.367
437,4,Action,14,4.321
437,5,Mystery,8,4.25
438,1,Drama,81,3.864
438,2,Comedy,66,3.598
438,3,Thriller,58,3.802
438,4,Action,48,3.75
438,5,Crime,38,3.947
439,1,Thriller,15,3.333
439,2,Drama,14,3.857
439,3,Action,12,3.75
439,4,Adventure,11,3.818
439,5,Comedy,10,3.4
440,1,Comedy,69,4.0
440,2,Drama,64,3.672
440,3,Adventure,30,3.833
440,4,Romance,28,4.036
440,5,Action,25,3.4
441,1,Action,11,4.773
441,2,Sci-Fi,9,4.667
441,3,Drama,9,3.611
441,4,Adventure,8,4.313
441,5,Thriller,5,4.2
442,1,Drama,51,3.373
442,2,Romance,26,3.385
442,3,Comedy,22,3.273
442,4,Thriller,22,3.136
442,5,Crime,12,3.417
443,1,Drama,175,4.149
443,2,Comedy,89,3.719
443,3,Adventure,79,3.747
443,4,Romance,73,4.014
443,5,Action,69,3.681
444,1,Comedy,67,3.343
444,2,Drama,53,4.0
444,3,Action,50,3.84
444,4,Thriller,43,4.07
444,5,Romance,31,3.484
445,1,Drama,37,4.486
445,2,Romance,21,4.238
445,3,Comedy,15,4.133
445,4,Thriller,11,3.818
445,5,Action,6,2.833
446,1,Thriller,32,3.844
446,2,Action,31,3.774
446,3,Comedy,31,3.677
446,4,Drama,28,3.929
446,5,Romance,23,4.0
447,1,Drama,25,3.06
447,2,Romance,16,3.188
447,3,Adventure,14,1.679
447,4,Comedy,13,2.654
447,5,Fantasy,11,1.591
448,1,Drama,74,3.777
448,2,Thriller,33,3.379
448,3,Action,28,2.946
448,4,Comedy,20,3.425
448,5,Adventure,20,2.55
449,1,Drama,46,3.902
449,2,Thriller,23,3.761
449,3,Action,21,4.143
449,4,Crime,20,4.125
449,5,Comedy,19,3.868
450,1,Drama,15,4.2
450,2,Comedy,9,3.667
450,3,Action,9,3.333
450,4,Thriller,7,3.571
450,5,Adventure,6,3.0
451,1,Comedy,434,3.665
451,2,Drama,403,4.022
451,3,Action,379,3.642
451,4,Thriller,311,3.77
451,5,Adventure,272,3.728
452,1,Thriller,10,3.6
452,2,Comedy,10,3.2
452,3,Action,7,3.714
452,4,Drama,7,3.357
452,5,Fantasy,6,3.0
453,1,Action,40,3.75
453,2,Comedy,39,3.821
453,3,Adventure,34,3.794
453,4,Sci-Fi,33,3.758
453,5,Thriller,26,3.846
454,1,Action,17,4.0
454,2,Thriller,16,4.125
454,3,Adventure,13,3.923
454,4,Crime,12,4.0
454,5,Comedy,11,3.273
455,1,Drama,46,4.054
455,2,Comedy,45,4.2
455,3,Romance,34,3.676
455,4,Action,22,3.773
455,5,Adventure,18,4.194
456,1,Action,34,3.471
456,2,Thriller,33,3.273
456,3,Comedy,27,3.37
456,4,Drama,23,3.348
456,5,Adventure,20,3.6
457,1,Drama,17,4.706
457,2,Action,10,4.1
457,3,Thriller,9,4.0
457,4,Comedy,7,4.429
457,5,Romance,7,4.429
458,1,Drama,1107,3.557
458,2,Comedy,734,3.374
458,3,Thriller,600,3.214
458,4,Action,590,2.948
458,5,Crime,506,3.449
459,1,Drama,39,3.718
459,2,Thriller,34,3.794
459,3,Comedy,23,3.652
459,4,Action,21,3.476
459,5,Crime,19,3.842
460,1,Comedy,144,4.01
460,2,Action,138,3.801
460,3,Adventure,121,4.07
460,4,Drama,121,3.835
460,5,Romance,80,4.138
461,1,Action,444,3.464
461,2,Thriller,355,3.43
461,3,Sci-Fi,349,3.393
461,4,Comedy,323,3.433
461,5,Drama,306,3.585
462,1,Thriller,31,3.581
462,2,Action,28,3.571
462,3,Comedy,26,3.538
462,4,Adventure,15,3.8
462,5,Drama,13,3.846
463,1,Drama,36,3.875
463,2,Comedy,36,3.403
463,3,Adventure,24,3.375
463,4,Crime,22,3.909
463,5,Romance,21,3.333
464,1,Comedy,10,2.85
464,2,Drama,9,3.5
464,3,Romance,5,2.6
464,4,Action,4,2.125
464,5,Western,3,3.5
465,1,Comedy,28,4.071
465,2,Drama,25,3.88
465,3,Romance,16,3.781
465,4,Action,15,3.333
465,5,Adventure,14,3.321
466,1,Drama,31,4.145
466,2,Action,16,4.156
466,3,Thriller,15,4.133
466,4,Crime,14,4.071
466,5,Sci-Fi,12,4.208
467,1,Sci-Fi,16,4.0
467,2,Drama,15,4.433
467,3,Thriller,11,4.045
467,4,Action,8,3.75
467,5,Adventure,7,3.571
468,1,Comedy,12,2.583
468,2,Drama,10,3.3
468,3,Adventure,6,2.5
468,4,Action,5,3.2
468,5,Romance,4,3.75
469,1,Drama,173,3.503
469,2,Action,134,3.187
469,3,Thriller,102,3.275
469,4,Comedy,88,3.318
469,5,Adventure,75,3.133
470,1,Comedy,20,3.975
470,2,Romance,10,3.9
470,3,Drama,10,3.6
470,4,Crime,4,3.0
470,5,Children,3,4.333
471,1,Drama,116,3.5
471,2,Romance,85,3.729
471,3,Comedy,84,3.536
471,4,Children,57,3.912
471,5,Adventure,54,3.722
472,1,Drama,13,4.038
472,2,Comedy,13,3.731
472,3,Fantasy,12,4.167
472,4,Adventure,9,4.222
472,5,Sci-Fi,5,3.9
473,1,Action,40,3.275
473,2,Thriller,39,3.59
473,3,Comedy,31,2.613
473,4,Drama,29,3.379
473,5,Crime,23,3.696
474,1,Comedy,35,4.229
474,2,Drama,34,4.103
474,3,Romance,28,4.268
474,4,Adventure,19,4.421
474,5,Fantasy,19,4.316
475,1,Drama,586,3.345
475,2,Comedy,418,3.341
475,3,Action,390,3.155
475,4,Thriller,369,3.123
475,5,Crime,277,3.314
476,1,Drama,52,3.962
476,2,Thriller,31,4.065
476,3,Crime,30,4.15
476,4,Comedy,21,3.643
476,5,Action,18,4.028
477,1,Comedy,14,3.5
477,2,Drama,9,3.667
477,3,Romance,7,3.714
477,4,Children,4,3.625
477,5,Adventure,4,3.375
478,1,Comedy,25,3.66
478,2,Romance,24,3.896
478,3,Drama,21,3.976
478,4,Action,7,3.857
478,5,Thriller,7,3.857
479,1,Drama,45,4.411
479,2,Comedy,30,4.4
479,3,Romance,27,4.352
479,4,Adventure,9,4.556
479,5,Fantasy,9,4.556
480,1,Drama,162,3.883
480,2,Comedy,140,3.818
480,3,Romance,67,3.843
480,4,Adventure,50,3.59
480,5,Crime,47,3.904
481,1,Comedy,92,3.641
481,2,Drama,35,3.286
481,3,Romance,28,3.393
481,4,Action,14,2.929
481,5,Crime,12,3.583
482,1,Drama,25,3.44
482,2,Comedy,20,2.9
482,3,Thriller,18,3.278
482,4,Action,15,2.733
482,5,Adventure,12,2.5
483,1,Drama,15,4.033
483,2,Thriller,13,3.923
483,3,Action,12,3.875
483,4,Crime,11,4.409
483,5,Mystery,5,4.2
484,1,Comedy,196,3.676
484,2,Action,115,3.817
484,3,Drama,74,3.764
484,4,Adventure,66,3.917
484,5,Thriller,65,3.762
485,1,Comedy,201,2.575
485,2,Romance,105,2.8
485,3,Drama,95,2.816
485,4,Action,89,2.652
485,5,Adventure,68,2.868
486,1,Comedy,18,4.222
486,2,Drama,16,4.719
486,3,Romance,12,4.583
486,4,Animation,6,4.5
486,5,Action,6,4.0
487,1,Comedy,14,3.25
487,2,Action,7,2.857
487,3,Romance,5,3.9
487,4,Children,5,3.0
487,5,Crime,4,3.125
488,1,Comedy,14,2.286
488,2,Drama,13,3.231
488,3,Thriller,7,2.571
488,4,Action,6,3.333
488,5,Horror,5,1.6
489,1,Thriller,16,3.5
489,2,Action,15,3.6
489,3,Drama,14,3.5
489,4,Crime,11,3.818
489,5,Adventure,9,4.111
490,1,Drama,37,3.851
490,2,Comedy,28,3.857
490,3,Thriller,21,4.024
490,4,Adventure,21,3.857
490,5,Sci-Fi,17,4.0
491,1,Action,13,4.0
491,2,Thriller,11,4.091
491,3,Crime,10,4.1
491,4,Adventure,10,4.0
491,5,Drama,9,4.222
492,1,Drama,26,4.192
492,2,Action,23,3.087
492,3,Thriller,22,3.273
492,4,Comedy,21,3.81
492,5,Romance,13,3.615
493,1,Drama,91,3.659
493,2,Comedy,80,3.225
493,3,Action,76,3.283
493,4,Adventure,67,3.299
493,5,Thriller,66,3.386
494,1,Romance,13,4.577
494,2,Comedy,12,3.792
494,3,Drama,11,4.136
494,4,Action,5,4.8
494,5,Sci-Fi,5,4.6
495,1,Drama,90,3.567
495,2,Comedy,90,3.367
495,3,Adventure,64,3.453
495,4,Action,62,3.742
495,5,Sci-Fi,48,3.604
496,1,Comedy,18,3.806
496,2,Drama,13,3.038
496,3,Sci-Fi,12,3.792
496,4,Adventure,11,4.045
496,5,Action,9,3.333
497,1,Adventure,11,4.0
497,2,Action,9,3.889
497,3,Drama,9,3.722
497,4,Comedy,8,3.75
497,5,Romance,6,3.583
498,1,Comedy,32,2.625
498,2,Action,25,2.52
498,3,Drama,24,3.375
498,4,Adventure,18,2.611
498,5,Thriller,17,2.882
499,1,Drama,89,4.36
499,2,Romance,47,4.043
499,3,Action,45,3.756
499,4,Thriller,42,3.952
499,5,Comedy,36,3.958
500,1,Comedy,11,4.455
500,2,Drama,11,4.136
500,3,Crime,8,4.563
500,4,Thriller,7,4.357
500,5,Adventure,5,4.4
501,1,Comedy,87,3.391
501,2,Drama,84,3.679
501,3,Animation,62,3.0
501,4,Adventure,60,3.367
501,5,Children,58,2.724
502,1,Comedy,15,4.367
502,2,Drama,9,4.167
502,3,Romance,8,4.125
502,4,Action,8,3.813
502,5,Adventure,5,4.3
503,1,Drama,19,4.184
503,2,Thriller,7,4.143
503,3,Comedy,7,4.0
503,4,Romance,6,4.333
503,5,Crime,4,4.5
504,1,Drama,45,4.322
504,2,Crime,20,4.4
504,3,Thriller,18,4.306
504,4,Action,11,4.182
504,5,Comedy,10,4.6
505,1,Drama,54,3.926
505,2,Romance,42,4.0
505,3,Thriller,32,4.063
505,4,Comedy,24,4.0
505,5,Action,18,4.333
506,1,Drama,70,3.55
506,2,Thriller,52,3.452
506,3,Action,52,3.212
506,4,Comedy,47,3.043
506,5,Adventure,40,3.063
507,1,Comedy,13,3.615
507,2,Adventure,12,4.0
507,3,Drama,11,3.909
507,4,Action,11,3.818
507,5,Thriller,10,4.1
508,1,Sci-Fi,29,3.328
508,2,Adventure,29,2.793
508,3,Action,26,3.308
508,4,Thriller,17,3.294
508,5,IMAX,16,2.656
509,1,Comedy,21,3.548
509,2,Drama,20,3.475
509,3,Romance,14,3.5
509,4,Action,8,2.5
509,5,Adventure,7,3.071
510,1,Comedy,33,3.121
510,2,Drama,28,3.393
510,3,Adventure,21,3.31
510,4,Thriller,17,3.471
510,5,Action,16,3.125
511,1,Comedy,41,2.976
511,2,Action,29,3.207
511,3,Drama,29,2.931
511,4,Adventure,23,3.478
511,5,Thriller,21,3.048
512,1,Action,77,3.364
512,2,Drama,76,3.526
512,3,Thriller,68,3.559
512,4,Comedy,61,3.213
512,5,Adventure,44,3.477
513,1,Action,72,4.41
513,2,Thriller,52,4.298
513,3,Adventure,39,4.372
513,4,Sci-Fi,37,4.419
513,5,Drama,36,4.431
514,1,Comedy,9,3.0
514,2,Thriller,8,2.938
514,3,Action,7,3.714
514,4,Adventure,6,3.5
514,5,Romance,6,3.25
515,1,Adventure,22,3.682
515,2,Drama,22,3.545
515,3,Sci-Fi,15,3.5
515,4,Comedy,14,3.786
515,5,Action,14,3.714
516,1,Comedy,26,3.731
516,2,Drama,17,3.882
516,3,Adventure,16,3.625
516,4,Action,15,3.667
516,5,Romance,13,4.0
517,1,Comedy,8,3.25
517,2,Drama,7,3.571
517,3,Thriller,7,3.429
517,4,Adventure,6,3.167
517,5,Action,6,3.0
518,1,Action,44,3.17
518,2,Drama,37,3.541
518,3,Comedy,35,3.071
518,4,Adventure,31,3.403
518,5,Sci-Fi,27,3.333
519,1,Action,41,4.341
519,2,Thriller,41,4.256
519,3,Drama,33,4.288
519,4,Crime,28,4.393
519,5,Comedy,26,4.0
520,1,Drama,19,4.658
520,2,Action,18,4.694
520,3,Thriller,14,4.643
520,4,Adventure,13,4.423
520,5,Crime,7,4.786
521,1,Drama,68,3.478
521,2,Thriller,62,3.323
521,3,Action,61,3.295
521,4,Adventure,41,3.451
521,5,Comedy,41,3.146
522,1,Drama,36,3.278
522,2,Comedy,32,3.313
522,3,Action,24,3.125
522,4,Romance,23,4.087
522,5,Adventure,20,3.4
523,1,Thriller,11,3.818
523,2,Action,10,4.1
523,3,Drama,9,4.222
523,4,Comedy,7,4.429
523,5,Adventure,7,4.143
524,1,Action,88,3.75
524,2,Thriller,62,3.79
524,3,Drama,31,3.774
524,4,Adventure,30,3.633
524,5,Sci-Fi,27,3.556
525,1,Drama,43,4.256
525,2,Comedy,23,3.261
525,3,Romance,11,4.273
525,4,Thriller,11,3.455
525,5,Action,11,2.364
526,1,Comedy,16,3.938
526,2,Action,16,3.625
526,3,Thriller,12,3.417
526,4,Adventure,10,3.2
526,5,Drama,7,4.143
527,1,Action,26,3.962
527,2,Drama,23,3.739
527,3,Comedy,23,3.652
527,4,Adventure,19,3.684
527,5,Thriller,14,3.857
528,1,Drama,90,3.961
528,2,Comedy,78,3.333
528,3,Adventure,69,3.92
528,4,Action,62,3.685
528,5,Thriller,46,3.707
529,1,Action,33,4.318
529,2,Adventure,32,4.297
529,3,Sci-Fi,32,4.234
529,4,Comedy,16,4.219
529,5,Fantasy,12,4.375
530,1,Drama,260,3.221
530,2,Comedy,198,3.101
530,3,Thriller,142,2.968
530,4,Crime,102,3.064
530,5,Adventure,88,3.006
531,1,Comedy,85,4.406
531,2,Drama,65,4.415
531,3,Adventure,59,4.449
531,4,Action,41,4.305
531,5,Animation,36,4.458
532,1,Drama,100,4.345
532,2,Thriller,91,4.28
532,3,Action,88,4.301
532,4,Comedy,62,4.355
532,5,Sci-Fi,54,4.287
533,1,Comedy,21,3.762
533,2,Drama,9,3.889
533,3,Romance,9,3.778
533,4,Action,7,4.429
533,5,Crime,3,4.0
534,1,Drama,51,3.627
534,2,Thriller,36,3.778
534,3,Crime,29,4.0
534,4,Comedy,26,3.577
534,5,Action,23,3.739
535,1,Action,58,3.483
535,2,Adventure,51,3.539
535,3,Sci-Fi,37,3.365
535,4,IMAX,35,3.557
535,5,Thriller,30,3.317
536,1,Thriller,16,3.5
536,2,Action,13,3.538
536,3,Drama,13,3.538
536,4,Adventure,12,3.583
536,5,Comedy,9,3.444
537,1,Drama,71,3.761
537,2,Action,36,3.819
537,3,War,30,3.9
537,4,Thriller,30,3.733
537,5,Crime,30,3.683
538,1,Comedy,15,4.133
538,2,Drama,13,4.231
538,3,Romance,10,4.0
538,4,Thriller,7,4.286
538,5,Horror,6,3.667
539,1,Comedy,26,3.654
539,2,Thriller,15,3.533
539,3,Action,13,3.154
539,4,Drama,12,4.0
539,5,Adventure,9,3.444
540,1,Action,14,3.571
540,2,Thriller,11,3.773
540,3,Drama,10,4.15
540,4,Comedy,10,3.7
540,5,Adventure,10,3.3
541,1,Action,132,3.727
541,2,Thriller,111,3.838
541,3,Drama,89,4.18
541,4,Sci-Fi,88,3.818
541,5,Adventure,77,3.74
542,1,Drama,165,2.939
542,2,Thriller,165,2.842
542,3,Comedy,115,2.7
542,4,Action,103,2.748
542,5,Horror,99,2.869
543,1,Drama,56,3.571
543,2,Comedy,38,3.395
543,3,Action,33,3.091
543,4,Thriller,31,3.677
543,5,Romance,21,3.857
544,1,Comedy,92,3.261
544,2,Drama,81,4.346
544,3,Action,71,4.07
544,4,Adventure,61,3.754
544,5,Thriller,40,4.025
545,1,Comedy,68,2.794
545,2,Action,48,2.875
545,3,Thriller,46,3.174
545,4,Drama,37,3.297
545,5,Adventure,26,2.923
546,1,Drama,92,4.076
546,2,Comedy,82,4.037
546,3,Thriller,48,4.021
546,4,Action,43,3.814
546,5,Romance,36,4.083
547,1,Comedy,66,3.409
547,2,Romance,24,4.042
547,3,Drama,14,3.714
547,4,Action,12,3.25
547,5,Adventure,10,3.4
548,1,Drama,26,4.038
548,2,Comedy,18,3.778
548,3,Romance,11,3.909
548,4,Crime,7,3.286
548,5,Thriller,7,3.286
549,1,Drama,61,3.902
549,2,Thriller,53,3.991
549,3,Action,53,3.811
549,4,Adventure,36,3.889
549,5,Sci-Fi,34,3.912
550,1,Drama,17,4.794
550,2,Crime,7,4.929
550,3,Thriller,7,4.857
550,4,Comedy,6,4.833
550,5,Romance,4,5.0
551,1,Adventure,17,3.824
551,2,Action,14,4.357
551,3,Comedy,12,3.75
551,4,Thriller,11,4.273
551,5,Drama,11,3.909
552,1,Comedy,16,3.813
552,2,Children,13,4.538
552,3,Adventure,12,4.917
552,4,Fantasy,9,4.444
552,5,Romance,7,4.143
553,1,Comedy,14,3.714
553,2,Drama,10,3.4
553,3,Crime,7,3.214
553,4,Thriller,5,3.2
553,5,Adventure,4,3.25
554,1,Comedy,100,3.635
554,2,Drama,57,4.175
554,3,Adventure,45,3.522
554,4,Action,37,3.676
554,5,Children,36,3.319
555,1,Drama,155,4.31
555,2,Comedy,129,4.101
555,3,Thriller,95,4.179
555,4,Action,90,4.067
555,5,Romance,78,4.013
556,1,Thriller,26,3.923
556,2,Action,24,4.083
556,3,Comedy,21,3.476
556,4,Drama,18,3.833
556,5,Adventure,15,4.2
557,1,Action,59,3.5
557,2,Thriller,47,3.383
557,3,Drama,46,3.5
557,4,Comedy,37,3.514
557,5,Sci-Fi,34,3.559
558,1,Drama,79,3.456
558,2,Comedy,55,3.2
558,3,Romance,42,3.524
558,4,Thriller,31,3.258
558,5,Action,27,2.407
559,1,Drama,14,4.286
559,2,Comedy,10,4.5
559,3,Adventure,9,4.444
559,4,Thriller,8,4.25
559,5,Action,7,4.143
560,1,Comedy,319,3.966
560,2,Action,251,4.028
560,3,Adventure,229,4.164
560,4,Drama,183,4.295
560,5,Thriller,176,4.114
561,1,Comedy,178,3.635
561,2,Action,157,3.338
561,3,Drama,136,3.846
561,4,Thriller,118,3.492
561,5,Sci-Fi,109,3.275
562,1,Action,46,3.826
562,2,Thriller,32,3.344
562,3,Adventure,30,4.0
562,4,Horror,26,3.231
562,5,Drama,25,3.88
563,1,Drama,83,3.753
563,2,Comedy,45,3.8
563,3,Crime,27,3.852
563,4,Thriller,27,3.741
563,5,Romance,25,3.66
564,1,Thriller,36,3.556
564,2,Action,35,3.629
564,3,Comedy,33,3.667
564,4,Drama,32,3.688
564,5,Adventure,19,3.737
565,1,Action,20,3.875
565,2,Thriller,14,4.071
565,3,Drama,11,4.136
565,4,Sci-Fi,10,3.8
565,5,Comedy,8,4.188
566,1,Comedy,26,3.769
566,2,Drama,24,3.688
566,3,Romance,18,3.806
566,4,Thriller,12,3.958
566,5,Fantasy,10,4.15
567,1,Comedy,331,3.073
567,2,Action,282,3.066
567,3,Drama,265,3.423
567,4,Thriller,193,3.179
567,5,Adventure,184,3.313
568,1,Drama,208,3.87
568,2,Comedy,127,3.669
568,3,Action,84,3.565
568,4,Romance,81,3.802
568,5,Adventure,69,3.725
569,1,Comedy,162,3.352
569,2,Drama,149,3.705
569,3,Thriller,105,3.295
569,4,Action,102,3.108
569,5,Crime,85,3.841
570,1,Comedy,13,3.923
570,2,Thriller,10,4.1
570,3,Action,9,4.222
570,4,Drama,8,4.375
570,5,Romance,6,4.667
571,1,Thriller,11,3.091
571,2,Drama,10,3.8
571,3,Action,10,3.3
571,4,Romance,8,3.875
571,5,Adventure,8,3.5
572,1,Comedy,24,3.208
572,2,Romance,15,3.467
572,3,Thriller,12,3.833
572,4,Drama,11,3.727
572,5,Action,9,3.667
573,1,Drama,25,4.08
573,2,Thriller,23,4.217
573,3,Comedy,17,3.0
573,4,Action,15,3.933
573,5,Crime,13,3.923
574,1,Drama,102,3.711
574,2,Action,72,3.583
574,3,Thriller,72,3.528
574,4,Crime,56,3.741
574,5,Adventure,52,3.404
575,1,Drama,1545,3.133
575,2,Comedy,1063,2.953
575,3,Thriller,720,3.07
575,4,Romance,686,3.039
575,5,Action,590,2.999
576,1,Comedy,367,3.681
576,2,Drama,247,3.68
576,3,Action,185,3.592
576,4,Thriller,137,3.599
576,5,Crime,132,3.697
577,1,Action,57,3.719
577,2,Thriller,35,3.914
577,3,Comedy,33,3.485
577,4,Adventure,22,3.727
577,5,Crime,13,4.0
578,1,Drama,87,3.805
578,2,Comedy,77,3.896
578,3,Thriller,54,4.519
578,4,Action,43,4.698
578,5,Adventure,33,4.515
579,1,Drama,26,3.346
579,2,Thriller,21,3.19
579,3,Comedy,20,3.45
579,4,Action,14,3.286
579,5,Romance,12,3.5
580,1,Comedy,108,4.037
580,2,Action,69,3.877
580,3,Drama,62,3.887
580,4,Thriller,58,3.638
580,5,Adventure,48,4.042
581,1,Romance,51,4.088
581,2,Comedy,44,4.045
581,3,Drama,31,4.032
581,4,Action,30,3.95
581,5,Adventure,29,4.034
582,1,Sci-Fi,25,4.12
582,2,Action,20,4.0
582,3,Thriller,13,4.308
582,4,Adventure,9,3.667
582,5,Comedy,5,4.4
583,1,Action,201,3.801
583,2,Thriller,114,3.939
583,3,Adventure,101,3.891
583,4,Drama,75,4.173
583,5,Sci-Fi,61,3.705
584,1,Drama,182,4.275
584,2,Comedy,104,4.212
584,3,Romance,71,4.338
584,4,Thriller,30,4.2
584,5,Crime,29,4.345
585,1,Thriller,13,3.615
585,2,Action,13,3.538
585,3,Adventure,12,3.333
585,4,Comedy,11,3.273
585,5,Drama,9,4.444
586,1,Comedy,63,3.548
586,2,Drama,55,3.655
586,3,Adventure,53,3.632
586,4,Action,52,3.567
586,5,Thriller,33,3.545
587,1,Drama,21,4.381
587,2,Action,18,3.444
587,3,Thriller,16,3.688
587,4,Comedy,12,4.333
587,5,Romance,11,4.455
588,1,Comedy,95,4.253
588,2,Drama,94,4.34
588,3,Adventure,54,4.056
588,4,Romance,51,4.451
588,5,Action,38,4.105
589,1,Comedy,77,4.234
589,2,Drama,73,4.219
589,3,Action,51,4.588
589,4,Romance,47,4.085
589,5,Crime,37,4.473
590,1,Comedy,248,3.728
590,2,Action,243,3.449
590,3,Drama,172,3.663
590,4,Adventure,161,3.54
590,5,Thriller,147,3.527
591,1,Action,44,4.432
591,2,Drama,43,4.012
591,3,Thriller,41,4.244
591,4,Crime,30,4.2
591,5,Adventure,27,4.407
592,1,Drama,40,4.338
592,2,Thriller,26,4.269
592,3,Crime,20,4.475
592,4,Action,20,4.4
592,5,Comedy,20,4.175
593,1,Drama,33,4.0
593,2,Thriller,25,3.64
593,3,Comedy,13,3.692
593,4,Crime,11,4.091
593,5,Mystery,8,3.875
594,1,Comedy,25,3.58
594,2,Adventure,17,4.088
594,3,Action,14,4.071
594,4,Romance,14,3.5
594,5,Thriller,14,3.25
595,1,Action,10,4.2
595,2,Adventure,10,4.1
595,3,Comedy,8,3.5
595,4,Thriller,7,4.0
595,5,Romance,6,4.5
596,1,Drama,35,3.8
596,2,Comedy,17,3.353
596,3,Romance,11,3.455
596,4,Crime,8,3.375
596,5,War,5,3.8
597,1,Comedy,198,3.399
597,2,Drama,144,3.743
597,3,Adventure,97,3.804
597,4,Action,91,3.56
597,5,Thriller,91,3.538
598,1,Sci-Fi,23,3.957
598,2,Action,15,3.833
598,3,Thriller,15,3.733
598,4,Drama,13,3.692
598,5,Adventure,10,3.7
599,1,Action,242,4.477
599,2,Thriller,219,4.493
599,3,Drama,142,4.324
599,4,Sci-Fi,131,4.569
599,5,Horror,118,4.496
600,1,Drama,304,4.194
600,2,Comedy,180,4.011
600,3,Romance,133,4.045
600,4,Adventure,119,4.0
600,5,Action,78,3.718
601,1,Drama,172,4.081
601,2,Comedy,55,4.382
601,3,Romance,34,4.176
601,4,Crime,30,4.167
601,5,Thriller,26,4.038
602,1,Action,49,3.469
602,2,Sci-Fi,44,3.67
602,3,Drama,43,3.581
602,4,Adventure,41,3.61
602,5,Thriller,30,3.567
603,1,Drama,154,3.656
603,2,Comedy,77,3.597
603,3,Thriller,70,3.714
603,4,Romance,62,3.532
603,5,Crime,42,3.595
604,1,Action,31,4.613
604,2,Drama,24,4.5
604,3,Adventure,23,4.63
604,4,Sci-Fi,16,4.625
604,5,Thriller,13,4.462
605,1,Drama,249,3.647
605,2,Comedy,158,3.57
605,3,Romance,106,3.594
605,4,Thriller,62,3.5
605,5,Crime,48,3.625
606,1,Drama,82,3.884
606,2,Thriller,50,3.99
606,3,Action,49,3.724
606,4,Sci-Fi,46,4.054
606,5,Crime,28,3.643
607,1,Drama,455,3.501
607,2,Comedy,432,2.745
607,3,Thriller,262,3.313
607,4,Action,261,2.9
607,5,Adventure,220,3.127
608,1,Action,14,3.393
608,2,Thriller,9,3.167
608,3,Comedy,7,4.0
608,4,Crime,7,3.786
608,5,Drama,5,3.7
609,1,Comedy,18,2.556
609,2,Drama,13,3.0
609,3,Romance,12,2.833
609,4,Adventure,9,2.333
609,5,Thriller,8,3.0
610,1,Drama,71,3.38
610,2,Action,52,3.337
610,3,Thriller,51,3.461
610,4,Crime,39,3.705
610,5,Adventure,33,3.0
611,1,Drama,99,3.379
611,2,Action,55,3.582
611,3,Thriller,51,3.373
611,4,Crime,42,3.619
611,5,Adventure,35,3.857
612,1,Sci-Fi,57,3.877
612,2,Action,28,4.036
612,3,Adventure,26,3.962
612,4,Thriller,23,4.13
612,5,Drama,18,4.0
613,1,Comedy,25,3.08
613,2,Drama,23,3.478
613,3,Thriller,19,3.158
613,4,Action,18,2.944
613,5,Romance,16,3.5
614,1,Action,113,4.597
614,2,Thriller,74,4.595
614,3,Adventure,69,4.543
614,4,Sci-Fi,59,4.449
614,5,Drama,43,4.593
615,1,Drama,236,4.161
615,2,Thriller,143,4.063
615,3,Action,122,3.926
615,4,Crime,100,4.12
615,5,Adventure,73,3.753
616,1,Drama,57,4.053
616,2,Comedy,56,4.143
616,3,Thriller,29,3.81
616,4,Crime,24,3.896
616,5,Action,23,3.957
617,1,Drama,41,4.232
617,2,Action,41,3.402
617,3,Adventure,32,3.75
617,4,Comedy,30,3.783
617,5,Thriller,28,3.357
618,1,Drama,10,3.3
618,2,Thriller,9,2.778
618,3,Action,8,3.25
618,4,Comedy,8,1.375
618,5,Romance,7,2.0
619,1,Drama,119,3.752
619,2,Thriller,75,3.68
619,3,Action,70,3.536
619,4,Crime,58,3.793
619,5,Comedy,39,3.256
620,1,Drama,48,3.188
620,2,Comedy,40,3.125
620,3,Thriller,38,3.132
620,4,Action,33,3.182
620,5,Romance,27,3.444
621,1,Comedy,16,1.906
621,2,Thriller,15,2.4
621,3,Action,14,2.893
621,4,Drama,12,2.375
621,5,Fantasy,10,2.8
622,1,Action,185,3.646
622,2,Thriller,117,3.705
622,3,Adventure,117,3.543
622,4,Drama,108,3.769
622,5,Comedy,100,3.47
623,1,Drama,41,3.878
623,2,Comedy,35,3.743
623,3,Romance,25,3.8
623,4,Adventure,9,3.667
623,5,Action,8,3.625
624,1,Comedy,14,3.143
624,2,Thriller,10,3.7
624,3,Drama,9,3.889
624,4,Children,7,3.0
624,5,Action,6,3.5
625,1,Action,65,3.977
625,2,Thriller,51,3.706
625,3,Drama,49,3.163
625,4,Adventure,45,3.856
625,5,Sci-Fi,38,4.039
626,1,Romance,39,3.59
626,2,Drama,35,3.443
626,3,Comedy,22,3.182
626,4,Action,16,2.781
626,5,Adventure,10,3.5
627,1,Drama,458,3.683
627,2,Action,426,3.218
627,3,Thriller,372,3.339
627,4,Comedy,360,3.578
627,5,Crime,270,3.519
628,1,Drama,88,4.256
628,2,Comedy,78,4.186
628,3,Action,58,4.121
628,4,Adventure,53,4.17
628,5,Thriller,44,4.159
629,1,Drama,15,3.633
629,2,Adventure,13,3.577
629,3,Children,13,2.962
629,4,Action,11,3.773
629,5,Comedy,11,3.318
630,1,Comedy,13,3.385
630,2,Thriller,11,3.727
630,3,Adventure,9,2.889
630,4,Crime,8,3.875
630,5,Drama,8,3.5
631,1,Drama,38,4.0
631,2,Crime,12,4.167
631,3,Comedy,11,4.273
631,4,Thriller,11,3.909
631,5,Romance,9,4.0
632,1,Drama,69,4.029
632,2,Comedy,67,3.485
632,3,Adventure,49,3.878
632,4,Fantasy,41,3.927
632,5,Children,37,3.649
633,1,Drama,67,3.933
633,2,Action,53,3.821
633,3,Adventure,51,3.892
633,4,Comedy,46,3.87
633,5,Thriller,36,3.708
634,1,Drama,40,3.8
634,2,Comedy,17,3.353
634,3,Mystery,14,3.714
634,4,Thriller,14,3.464
634,5,Sci-Fi,12,3.583
635,1,Thriller,11,4.545
635,2,Drama,9,3.556
635,3,Comedy,8,3.25
635,4,Mystery,7,4.429
635,5,Action,7,3.143
636,1,Drama,58,3.586
636,2,Comedy,57,3.316
636,3,Romance,27,3.333
636,4,Adventure,19,3.053
636,5,Crime,16,3.375
637,1,Adventure,51,4.569
637,2,Action,50,4.52
637,3,Sci-Fi,47,4.447
637,4,Comedy,31,4.645
637,5,Thriller,26,4.654
638,1,Comedy,11,2.455
638,2,Drama,10,1.7
638,3,Action,8,2.125
638,4,Thriller,6,1.667
638,5,Adventure,4,3.0
639,1,Drama,24,4.146
639,2,Crime,10,4.05
639,3,Action,10,3.85
639,4,Romance,8,4.063
639,5,Thriller,8,3.875
640,1,Drama,20,4.25
640,2,Comedy,20,4.2
640,3,Romance,10,4.3
640,4,Thriller,9,3.778
640,5,Action,7,4.143
641,1,Action,40,3.288
641,2,Thriller,29,3.121
641,3,Sci-Fi,27,2.926
641,4,Drama,21,3.214
641,5,Crime,20,3.175
642,1,Comedy,81,2.5
642,2,Action,80,3.344
642,3,Drama,78,3.679
642,4,Thriller,57,3.842
642,5,Crime,49,3.429
643,1,Thriller,15,4.467
643,2,Drama,14,4.607
643,3,Crime,12,4.292
643,4,Comedy,12,3.875
643,5,Action,6,3.75
644,1,Comedy,35,3.886
644,2,Action,28,3.464
644,3,Drama,27,4.0
644,4,Thriller,24,3.333
644,5,Adventure,19,3.632
645,1,Drama,13,2.231
645,2,Adventure,5,3.5
645,3,Thriller,5,2.1
645,4,Comedy,4,3.25
645,5,Sci-Fi,4,2.5
646,1,Drama,48,3.74
646,2,Action,43,3.419
646,3,Thriller,31,3.306
646,4,Adventure,27,3.5
646,5,Comedy,26,3.538
647,1,Action,47,4.372
647,2,Crime,42,4.595
647,3,Thriller,42,4.536
647,4,Drama,31,4.452
647,5,Comedy,30,4.333
648,1,Action,12,3.583
648,2,Comedy,12,3.583
648,3,Thriller,12,3.417
648,4,Drama,10,4.0
648,5,Adventure,10,3.8
649,1,Action,25,3.56
649,2,Comedy,20,3.475
649,3,Thriller,18,3.556
649,4,Adventure,17,3.294
649,5,Drama,16,3.719
650,1,Comedy,168,4.5
650,2,Children,116,4.509
650,3,Adventure,86,4.453
650,4,Drama,85,4.776
650,5,Romance,73,4.671
651,1,Comedy,37,2.905
651,2,Drama,32,3.156
651,3,Romance,13,2.808
651,4,Adventure,12,3.042
651,5,Fantasy,12,2.833
652,1,Drama,80,4.213
652,2,Romance,22,4.318
652,3,Comedy,20,4.1
652,4,Thriller,15,4.0
652,5,Crime,14,3.786
653,1,Thriller,10,3.8
653,2,Comedy,9,4.111
653,3,Action,8,3.125
653,4,Crime,7,4.429
653,5,Drama,6,4.5
654,1,Action,10,3.9
654,2,Thriller,10,3.8
654,3,Adventure,9,3.889
654,4,Drama,7,3.857
654,5,Comedy,7,3.714
655,1,Comedy,63,3.937
655,2,Drama,51,4.108
655,3,Adventure,41,3.963
655,4,Romance,32,4.125
655,5,Fantasy,27,4.111
656,1,Comedy,51,3.294
656,2,Action,46,3.348
656,3,Thriller,39,3.385
656,4,Adventure,33,3.333
656,5,Drama,30,3.467
657,1,Comedy,39,2.397
657,2,Drama,33,2.53
657,3,Adventure,16,3.219
657,4,Sci-Fi,16,3.188
657,5,Thriller,14,2.929
658,1,Comedy,15,3.533
658,2,Drama,12,3.583
658,3,Action,7,4.143
658,4,Adventure,5,3.8
658,5,Romance,4,4.0
659,1,Drama,144,3.288
659,2,Action,96,3.234
659,3,Comedy,91,3.066
659,4,Thriller,89,3.281
659,5,Adventure,68,3.25
660,1,Drama,15,3.8
660,2,Thriller,6,3.333
660,3,Comedy,5,3.8
660,4,Romance,5,3.2
660,5,Crime,4,4.0
661,1,Drama,49,3.612
661,2,Comedy,36,3.139
661,3,Thriller,32,3.563
661,4,Action,26,3.462
661,5,Romance,21,3.286
662,1,Drama,80,4.362
662,2,Comedy,72,4.208
662,3,Romance,38,4.342
662,4,Thriller,36,4.083
662,5,Action,26,4.115
663,1,Drama,16,4.063
663,2,Thriller,11,4.091
663,3,Comedy,6,4.333
663,4,Romance,6,4.0
663,5,Action,6,3.667
664,1,Action,36,3.986
664,2,Adventure,30,4.067
664,3,Comedy,26,4.231
664,4,Thriller,22,3.682
664,5,Sci-Fi,22,3.568
665,1,Drama,128,3.328
665,2,Thriller,102,3.294
665,3,Action,73,3.274
665,4,Crime,61,3.426
665,5,Comedy,60,2.992
666,1,Drama,101,3.634
666,2,Comedy,83,2.928
666,3,Thriller,51,3.49
666,4,Crime,36,3.889
666,5,Action,34,3.353
667,1,Drama,37,3.959
667,2,Comedy,37,3.595
667,3,Romance,20,3.75
667,4,Thriller,17,3.882
667,5,Action,16,3.594
668,1,Drama,3329,2.915
668,2,Comedy,1528,2.626
668,3,Thriller,1491,2.671
668,4,Romance,1027,2.862
668,5,Crime,955,2.875
